ts,cash,inventory,midprice,equity
2026-09-20 15:12:11.194501400,0.0,0.0,80829.66500000001,0.0
2026-09-20 15:12:11.194955826,0.0,0.0,80829.66500000001,0.0
2026-09-20 15:14:40.148188114,0.0,0.0,80771.475,0.0
2026-09-20 15:14:40.186195135,-16.961772525711314,0.00021,80771.475,0.00023722428868921952
2026-09-20 15:14:43.440359831,20.995998354839553,-0.00026,80760.08499999999,-0.0016237451604439457
2026-09-20 15:17:04.436377048,20.995998354839553,-0.00026,80866.025,-0.02916814516044397
2026-09-20 15:17:04.436568975,20.995998354839553,-0.00026,80866.025,-0.02916814516044397
2026-09-20 15:17:17.084574938,20.995998354839553,-0.00026,80885.11,-0.03413024516044416
2026-09-20 15:20:09.665754557,20.995998354839553,-0.00026,80847.255,-0.02428794516044519
2026-09-20 15:21:19.677459002,20.995998354839553,-0.00026,80840.01,-0.022404245160444702
2026-09-20 15:21:44.043179274,20.995998354839553,-0.00026,80802.59,-0.012675045160442266
2026-09-20 15:25:43.379992247,20.995998354839553,-0.00026,80813.475,-0.015505145160446432
2026-09-20 15:25:44.595091820,20.995998354839553,-0.00026,80787.23999999999,-0.008684045160443077
2026-09-20 15:28:31.713853598,20.995998354839553,-0.00026,80731.38500000001,0.005838254839552803
2026-09-20 15:28:31.714060545,-12.910708896583078,0.00016000000000000004,80731.38500000001,0.00631270341692769
2026-09-20 15:28:44.860673189,-12.910708896583078,0.00016000000000000004,80706.89499999999,0.0023943034169242594
2026-09-20 15:29:11.303008318,-5.648997279030783,7.000000000000003e-05,80684.555,-0.0010784290307803701
2026-09-20 15:29:11.303126812,11.294996495257905,-0.00014,80684.555,-0.000841204742092927
2026-09-20 15:29:25.971700430,11.294996495257905,-0.00014,80682.0,-0.0004835047420943539
2026-09-20 15:30:01.889628887,11.294996495257905,-0.00014,80667.2,0.0015884952579057199
2026-09-20 15:30:08.039353132,11.294996495257905,-0.00014,80707.57500000001,-0.004064004742096117
2026-09-20 15:32:04.054308891,11.294996495257905,-0.00014,80755.995,-0.010842804742093648
2026-09-20 15:37:08.401983023,11.294996495257905,-0.00014,80731.17,-0.007367304742093239
2026-09-20 15:37:08.402209044,275.2896163163246,-0.00341,80731.17,-0.003673383675391051
2026-09-20 15:37:08.402311563,540.8988821301807,-0.006699999999999999,80731.17,4.313018075663422e-05
2026-09-20 15:37:08.402405977,3374.6025994755755,-0.0418,80731.17,0.03969347557585934
2026-09-20 15:39:52.136603355,3374.6025994755755,-0.0418,80832.845,-4.2103215244242165
2026-09-20 15:39:52.136801243,3374.6025994755755,-0.0418,80832.845,-4.2103215244242165
2026-09-20 15:39:52.136907816,3374.6025994755755,-0.0418,80832.845,-4.2103215244242165
2026-09-20 15:39:52.137004375,4037.4411915192295,-0.05,80832.845,-4.2010584807708256
2026-09-20 15:40:05.832968712,4037.4411915192295,-0.05,80849.67499999999,-5.042558480769912
2026-09-20 15:40:05.833198309,4037.4411915192295,-0.05,80849.67499999999,-5.042558480769912
2026-09-20 15:40:48.244235516,4037.4411915192295,-0.05,80872.325,-6.175058480770531
2026-09-20 15:40:48.244458914,4037.4411915192295,-0.05,80872.325,-6.175058480770531
2026-09-20 15:40:48.830411434,4037.4411915192295,-0.05,80812.08,-3.1628084807707637
2026-09-20 15:40:48.830613136,4037.4411915192295,-0.05,80812.08,-3.1628084807707637
2026-09-20 15:40:48.830713511,4037.4411915192295,-0.05,80812.08,-3.1628084807707637
2026-09-20 15:40:48.911715508,4037.4411915192295,-0.05,80820.01000000001,-3.559308480771051
2026-09-20 15:40:48.911835909,4037.4411915192295,-0.05,80820.01000000001,-3.559308480771051
2026-09-20 15:40:49.035796881,4037.4411915192295,-0.05,80826.53,-3.885308480770618
2026-09-20 15:42:07.696869612,4037.4411915192295,-0.05,80833.805,-4.249058480770145
2026-09-20 15:42:07.697068691,4037.4411915192295,-0.05,80833.805,-4.249058480770145
2026-09-20 15:42:07.697167873,4037.4411915192295,-0.05,80833.805,-4.249058480770145
2026-09-20 15:42:07.697258711,4037.4411915192295,-0.05,80833.805,-4.249058480770145
2026-09-20 15:42:58.692206383,4037.4411915192295,-0.05,80870.06,-6.061808480770651
2026-09-20 15:46:40.338277102,4037.4411915192295,-0.05,80890.305,-7.074058480770418
2026-09-20 15:47:28.369027138,4037.4411915192295,-0.05,80863.01000000001,-5.709308480771142
2026-09-20 15:47:28.369227886,4037.4411915192295,-0.05,80863.01000000001,-5.709308480771142
2026-09-20 15:50:02.378689766,4037.4411915192295,-0.05,80913.305,-8.224058480770509
2026-09-20 15:52:14.871732950,4037.4411915192295,-0.05,80879.63500000001,-6.540558480771324
2026-09-20 15:52:14.871940136,4037.4411915192295,-0.05,80879.63500000001,-6.540558480771324
2026-09-20 15:56:01.952681303,4037.4411915192295,-0.05,80916.395,-8.378558480771062
2026-09-20 15:56:36.770340443,4037.4411915192295,-0.05,80916.655,-8.391558480770527
2026-09-20 15:56:46.861905098,4030.1554025867817,-0.04991,80954.34,-10.275706813218221
2026-09-20 15:56:46.862105608,2034.658767199716,-0.025260000000000005,80954.34,-10.247861200284206
2026-09-20 15:56:47.802979946,2034.658767199716,-0.025260000000000005,80949.995,-10.138106500284266
2026-09-20 15:56:47.803199053,2034.658767199716,-0.025260000000000005,80949.995,-10.138106500284266
2026-09-20 15:56:47.803309202,563.8178835988851,-0.007090000000000006,80949.995,-10.117580951115315
2026-09-20 15:58:29.747318983,563.8178835988851,-0.007090000000000006,80923.34,-9.92859700111535
2026-09-20 15:58:31.475424767,563.8178835988851,-0.007090000000000006,80887.315,-9.673179751115413
2026-09-20 15:59:12.276398659,563.8178835988851,-0.007090000000000006,80923.215,-9.927710751115342
2026-09-20 15:59:20.832836628,563.8178835988851,-0.007090000000000006,80922.955,-9.925867351115357
2026-09-20 15:59:41.121258974,563.8178835988851,-0.007090000000000006,80958.345,-10.1767824511154
2026-09-20 16:00:25.045577049,563.8178835988851,-0.007090000000000006,80900.07500000001,-9.763648151115376
2026-09-20 16:00:45.640574217,563.8178835988851,-0.007090000000000006,80883.605,-9.646875851115283
2026-09-20 16:02:04.134334803,563.8178835988851,-0.007090000000000006,80858.305,-9.467498851115238
2026-09-20 16:02:24.800544977,563.8178835988851,-0.007090000000000006,80858.22,-9.466896201115333
2026-09-20 16:02:34.634791136,563.8178835988851,-0.007090000000000006,80833.985,-9.295070051115317
2026-09-20 16:02:47.839761496,563.8178835988851,-0.007090000000000006,80820.7,-9.200879401115344
2026-09-20 16:04:51.464816093,563.8178835988851,-0.007090000000000006,80863.715,-9.505855751115291
2026-09-20 16:05:52.565191507,563.8178835988851,-0.007090000000000006,80885.07500000001,-9.65729815111547
2026-09-20 16:06:36.966074228,563.8178835988851,-0.007090000000000006,80892.0,-9.706396401115285
2026-09-20 16:06:48.490776300,563.8178835988851,-0.007090000000000006,80917.125,-9.884532651115364
2026-09-20 16:07:04.245200634,556.5350934664374,-0.007000000000000006,80921.01999999999,-9.912046533563057
2026-09-20 16:07:04.245398045,554.9166956592268,-0.006980000000000006,80921.01999999999,-9.912023940773679
2026-09-20 16:07:04.245498180,537.9235186835155,-0.006770000000000006,80921.01999999999,-9.911786716484926
2026-09-20 16:07:12.382227659,537.9235186835155,-0.006770000000000006,80905.015,-9.803432866485082
2026-09-20 16:07:12.382460117,537.9235186835155,-0.006770000000000006,80905.015,-9.803432866485082
2026-09-20 16:07:28.424520731,537.9235186835155,-0.006770000000000006,80920.975,-9.911482066485064
2026-09-20 16:07:28.476155996,37.738572955439736,-0.0005900000000000063,80937.205,-10.014377994560775
2026-09-20 16:07:28.541737556,-462.446372772636,0.005589999999999993,80937.205,-10.007396822636508
2026-09-20 16:07:28.685721397,-727.1227245515693,0.008859999999999993,80941.91,-9.977401951569846
2026-09-20 16:07:28.711591482,-1227.336747179645,0.015039999999999993,80941.91,-9.970420779645565
2026-09-20 16:07:34.967845678,-1254.04911044862,0.015369999999999993,80947.685,-9.883191998620532
2026-09-20 16:07:36.159565926,-1338.2335280235714,0.016409999999999994,80947.685,-9.882017173571967
2026-09-20 16:07:44.125262499,-1500.1916987446314,0.018409999999999996,80980.215,-9.345940594631884
2026-09-20 16:07:46.486947060,-1524.4861353527904,0.018709999999999997,80982.58499999999,-9.301970002790767
2026-09-20 16:07:46.554568291,-1524.4861353527904,0.018709999999999997,80981.255,-9.32685430279048
2026-09-20 16:07:52.884783506,-1524.4861353527904,0.018709999999999997,80985.815,-9.241536702790427
2026-09-20 16:07:52.885007858,-1524.4861353527904,0.018709999999999997,80985.815,-9.241536702790427
2026-09-20 16:08:11.436302662,-1524.4861353527904,0.018709999999999997,80999.995,-8.97622890279058
2026-09-20 16:08:11.436449528,-1524.4861353527904,0.018709999999999997,80999.995,-8.97622890279058
2026-09-20 16:08:12.425308228,-1524.4861353527904,0.018709999999999997,80999.995,-8.97622890279058
2026-09-20 16:08:12.987607956,-1524.4861353527904,0.018709999999999997,80999.995,-8.97622890279058
2026-09-20 16:08:12.987754583,-1524.4861353527904,0.018709999999999997,80999.995,-8.97622890279058
2026-09-20 16:08:12.987833738,-1524.4861353527904,0.018709999999999997,80999.995,-8.97622890279058
2026-09-20 16:08:13.424408674,-1524.4861353527904,0.018709999999999997,80999.995,-8.97622890279058
2026-09-20 16:08:14.424649239,-1524.4861353527904,0.018709999999999997,80999.995,-8.97622890279058
2026-09-20 16:08:15.030747890,-1524.4861353527904,0.018709999999999997,80999.995,-8.97622890279058
2026-09-20 16:08:15.093662024,-1524.4861353527904,0.018709999999999997,80999.995,-8.97622890279058
2026-09-20 16:08:15.093804836,-1524.4861353527904,0.018709999999999997,80999.995,-8.97622890279058
2026-09-20 16:08:15.112291098,-1339.803571174799,0.016429999999999997,80999.995,-8.973653324799216
2026-09-20 16:08:15.190766335,-1339.803571174799,0.016429999999999997,81026.82500000001,-8.532836424798916
2026-09-20 16:08:15.191678762,-1339.803571174799,0.016429999999999997,81026.82500000001,-8.532836424798916
2026-09-20 16:08:15.191791534,-461.46054288294454,0.005589999999999996,81026.82500000001,-8.520591132944787
2026-09-20 16:08:15.705734968,-663.2351664306643,0.008079999999999997,81035.11499999999,-8.471437230664606
2026-09-20 16:08:16.424458027,-865.0032412783842,0.010569999999999996,81032.485,-8.489874828384472
2026-09-20 16:08:16.990714073,-865.0032412783842,0.010569999999999996,81032.485,-8.489874828384472
2026-09-20 16:08:16.990881205,-1051.3753586076032,0.012869999999999996,81032.485,-8.487276657603388
2026-09-20 16:08:24.325704336,-1051.3753586076032,0.012869999999999996,81034.735,-8.458319157603455
2026-09-20 16:08:24.921350002,-1126.7613542428962,0.013799999999999996,81061.34,-8.114862242896606
2026-09-20 16:08:24.921545267,-1213.4957793286635,0.014869999999999996,81061.34,-8.113653528663917
2026-09-20 16:08:25.211387634,-1228.8998688471643,0.015059999999999995,81075.285,-7.906076747164661
2026-09-20 16:08:25.504567623,-1258.085320976955,0.015419999999999994,81071.82999999999,-7.9577023769556945
2026-09-20 16:08:25.679369211,-1292.9478893319829,0.015849999999999996,81076.87,-7.879499831983367
2026-09-20 16:08:29.274655581,-1292.9478893319829,0.015849999999999996,81087.62,-7.709112331983306
2026-09-20 16:08:29.274867773,-1558.9115777145214,0.019129999999999994,81087.62,-7.705407114521904
2026-09-20 16:08:29.274974823,-3289.2972820082327,0.04046999999999999,81087.62,-7.681300608233414
2026-09-20 16:08:31.041694880,-3403.58741986658,0.041879999999999994,81057.965,-8.879845666580877
2026-09-20 16:08:36.892261267,-3403.58741986658,0.041879999999999994,81044.905,-9.426798466580749
2026-09-20 16:08:44.716694832,-3403.58741986658,0.041879999999999994,81024.185,-10.294552066580763
2026-09-20 16:09:06.007407665,-3403.58741986658,0.041879999999999994,80948.32500000001,-13.471568866580128
2026-09-20 16:09:51.796893835,-3403.58741986658,0.041879999999999994,81002.785,-11.190784066580363
2026-09-20 16:10:00.914803267,-3403.58741986658,0.041879999999999994,81000.61499999999,-11.281663666581153
2026-09-20 16:10:01.002063274,-3403.58741986658,0.041879999999999994,81024.995,-10.260629266580963
2026-09-20 16:10:09.267205715,-3403.58741986658,0.041879999999999994,81031.785,-9.97626406658037
2026-09-20 16:10:40.976468563,-3503.2482625600323,0.043109999999999996,81026.205,-10.208565010032544
2026-09-20 16:11:03.390365839,-3503.2482625600323,0.043109999999999996,81046.03,-9.353909260032651
2026-09-20 16:11:08.423286676,-3503.2482625600323,0.043109999999999996,81079.82,-7.897222360032629
2026-09-20 16:11:08.423485041,-3420.545693927773,0.042089999999999995,81079.82,-7.896070127772873
2026-09-20 16:11:12.959010839,-3420.545693927773,0.042089999999999995,81091.72,-7.3951991277731395
2026-09-20 16:11:21.230353355,-3420.545693927773,0.042089999999999995,81097.60500000001,-7.147499477772726
2026-09-20 16:11:26.217253208,-3420.545693927773,0.042089999999999995,81097.60500000001,-7.147499477772726
2026-09-20 16:11:27.938024044,-3420.545693927773,0.042089999999999995,81097.60500000001,-7.147499477772726
2026-09-20 16:11:32.113554001,-3420.545693927773,0.042089999999999995,81121.33499999999,-6.148703777773335
2026-09-20 16:11:32.159809113,-3420.545693927773,0.042089999999999995,81129.91500000001,-5.787571577772724
2026-09-20 16:11:32.171544552,-3420.545693927773,0.042089999999999995,81129.91500000001,-5.787571577772724
2026-09-20 16:11:32.175068378,-3409.9986581246417,0.04196,81129.91500000001,-5.787424724641369
2026-09-20 16:11:32.192113876,-3171.4733868846,0.03902,81129.91500000001,-5.784103584599961
2026-09-20 16:11:32.427640915,-3171.4733868846,0.03902,81155.86499999999,-4.771534584600431
2026-09-20 16:11:38.081137419,-3171.4733868846,0.03902,81164.465,-4.435962584600475
2026-09-20 16:11:42.170144081,-3171.4733868846,0.03902,81137.14499999999,-5.501988984600757
2026-09-20 16:11:43.076619864,-3171.4733868846,0.03902,81137.14499999999,-5.501988984600757
2026-09-20 16:12:00.675314426,-3171.4733868846,0.03902,81164.315,-4.4418155846001355
2026-09-20 16:12:00.675519228,-3171.4733868846,0.03902,81164.315,-4.4418155846001355
2026-09-20 16:12:01.700100422,-3171.4733868846,0.03902,81144.275,-5.223776384600569
2026-09-20 16:12:02.059982300,-3171.4733868846,0.03902,81144.015,-5.233921584600012
2026-09-20 16:12:06.225269318,-3171.4733868846,0.03902,81141.86499999999,-5.317814584600455
2026-09-20 16:12:20.630645037,-3171.4733868846,0.03902,81164.595,-4.430889984600071
2026-09-20 16:12:23.009957075,-3171.4733868846,0.03902,81197.83,-3.1340602846003094
2026-09-20 16:12:23.909385204,-3171.4733868846,0.03902,81197.825,-3.1342553846002374
2026-09-20 16:12:29.980581045,-3171.4733868846,0.03902,81157.635,-4.702469184600432
2026-09-20 16:12:31.366921663,-3171.4733868846,0.03902,81157.89499999999,-4.6923239846005345
2026-09-20 16:12:31.367122889,-3171.4733868846,0.03902,81157.89499999999,-4.6923239846005345
2026-09-20 16:13:04.512728214,-3121.9915443545233,0.03841,81116.645,-6.301209904523148
2026-09-20 16:13:20.061046362,-3121.9915443545233,0.03841,81109.655,-6.569695804523235
2026-09-20 16:14:19.112713575,-3121.9915443545233,0.03841,81182.88500000001,-3.7569315045229814
2026-09-20 16:14:29.011732817,-3121.9915443545233,0.03841,81192.485,-3.3881955045230825
2026-09-20 16:14:44.808043718,-3121.9915443545233,0.03841,81190.04000000001,-3.482107954523144
2026-09-20 16:14:55.103110075,-3121.9915443545233,0.03841,81189.495,-3.5030414045236284
2026-09-20 16:14:58.441459417,-3133.3530624049977,0.03855,81154.83,-4.834365904997412
2026-09-20 16:15:18.737454176,-3133.3530624049977,0.03855,81174.245,-4.085917654997957
2026-09-20 16:15:28.038398743,-3133.3530624049977,0.03855,81174.245,-4.085917654997957
2026-09-20 16:15:56.547462940,-3133.3530624049977,0.03855,81159.505,-4.654144654997253
2026-09-20 16:16:07.425091743,-3133.3530624049977,0.03855,81190.305,-3.466804654997759
2026-09-20 16:16:07.902907133,-3133.3530624049977,0.03855,81198.08499999999,-3.1668856549977136
2026-09-20 16:16:07.910411119,-3098.4374001100255,0.03812,81198.08499999999,-3.166399910025575
2026-09-20 16:16:40.074814558,-3098.4374001100255,0.03812,81165.935,-4.391957910025667
2026-09-20 16:16:51.063949347,-3098.4374001100255,0.03812,81145.505,-5.170749510025416
2026-09-20 16:17:10.976661921,-3098.4374001100255,0.03812,81156.185,-4.7636279100256615
2026-09-20 16:17:54.045313120,-3098.4374001100255,0.03812,81165.07,-4.424931710025248
2026-09-20 16:18:47.068398476,-3098.4374001100255,0.03812,81159.435,-4.63973791002536
2026-09-20 16:19:08.072690964,-3098.4374001100255,0.03812,81158.14499999999,-4.688912710025761
2026-09-20 16:19:25.663009167,-3098.4374001100255,0.03812,81157.26000000001,-4.722648910024873
2026-09-20 16:20:26.918982983,-3098.4374001100255,0.03812,81111.905,-6.451581510025335
2026-09-20 16:20:30.998761177,-3098.4374001100255,0.03812,81085.14499999999,-7.471672710025814
2026-09-20 16:20:34.065956115,-3098.4374001100255,0.03812,81059.15,-8.462602110025728
2026-09-20 16:21:11.067930698,-3098.4374001100255,0.03812,81092.92499999999,-7.175099110025712
2026-09-20 16:23:44.895107508,-3098.4374001100255,0.03812,81135.16,-5.565100910025194
2026-09-20 16:24:01.836265802,-3098.4374001100255,0.03812,81089.82500000001,-7.293271110024762
2026-09-20 16:24:15.076758385,-3098.4374001100255,0.03812,81054.285,-8.64805591002505
2026-09-20 16:25:13.719547510,-3098.4374001100255,0.03812,81135.255,-5.561479510025038
2026-09-20 16:25:17.744668722,-3098.4374001100255,0.03812,81136.845,-5.5008687100253155
2026-09-20 16:25:17.744865894,-3625.0081927998654,0.044610000000000004,81136.845,-5.493537349865164
2026-09-20 16:26:20.260337353,-3625.0081927998654,0.044610000000000004,81088.065,-7.669613149864745
2026-09-20 16:26:23.072664022,-3625.0081927998654,0.044610000000000004,81088.065,-7.669613149864745
2026-09-20 16:27:01.509776354,-3632.3112972823133,0.044700000000000004,81146.735,-5.052242782312987
2026-09-20 16:27:01.509973526,-3898.468882864852,0.04798,81146.735,-5.048537564851813
2026-09-20 16:27:01.510077476,-4062.3830056931224,0.05,81146.735,-5.046255693122021
2026-09-20 16:27:01.510173559,-4062.3830056931224,0.05,81146.735,-5.046255693122021
2026-09-20 16:28:13.353891850,-4062.3830056931224,0.05,81167.305,-4.017755693122581
2026-09-20 16:28:13.354092836,-4062.3830056931224,0.05,81167.305,-4.017755693122581
2026-09-20 16:28:20.969657183,-4062.3830056931224,0.05,81214.195,-1.6732556931219733
2026-09-20 16:28:26.403151989,-4062.3830056931224,0.05,81226.475,-1.0592556931219406
2026-09-20 16:28:26.403375626,-4062.3830056931224,0.05,81226.475,-1.0592556931219406
2026-09-20 16:28:26.568961620,-4062.3830056931224,0.05,81231.58499999999,-0.8037556931226391
2026-09-20 16:28:26.569161177,-3976.276328175284,0.048940000000000004,81231.58499999999,-0.8025582752843547
2026-09-20 16:28:26.962952375,-4062.404270057446,0.05,81253.905,0.29097994255425874
2026-09-20 16:28:27.211773396,-4062.404270057446,0.05,81254.16500000001,0.30397994255463345
2026-09-20 16:28:27.211967230,-4062.404270057446,0.05,81254.16500000001,0.30397994255463345
2026-09-20 16:28:27.516054153,-4062.404270057446,0.05,81249.73999999999,0.08272994255366939
2026-09-20 16:28:33.330036879,-4062.404270057446,0.05,81253.62,0.2767299425540841
2026-09-20 16:28:33.349619627,-4062.404270057446,0.05,81253.62,0.2767299425540841
2026-09-20 16:28:33.602267027,-4062.404270057446,0.05,81259.875,0.589479942554135
2026-09-20 16:29:10.447080374,-4062.404270057446,0.05,81255.995,0.39547994255417507
2026-09-20 16:29:28.916658163,-4062.404270057446,0.05,81255.995,0.39547994255417507
2026-09-20 16:29:31.817944288,-4062.404270057446,0.05,81231.655,-0.8215200574459232
2026-09-20 16:29:43.076186657,-4062.404270057446,0.05,81197.095,-2.549520057445534
2026-09-20 16:29:48.790117741,-4062.404270057446,0.05,81215.89499999999,-1.6095200574463888
2026-09-20 16:30:05.078410864,-4062.404270057446,0.05,81162.83499999999,-4.2625200574461815
2026-09-20 16:31:08.082379341,-4062.404270057446,0.05,81166.965,-4.056020057445949
2026-09-20 16:31:14.929780960,-4062.404270057446,0.05,81167.995,-4.004520057445916
2026-09-20 16:31:17.076609612,-4062.404270057446,0.05,81145.245,-5.142020057446189
2026-09-20 16:31:28.079214573,-4062.404270057446,0.05,81172.245,-3.792020057445825
2026-09-20 16:31:34.103011131,-4062.404270057446,0.05,81178.495,-3.479520057445825
2026-09-20 16:31:41.077821493,-4062.404270057446,0.05,81127.535,-6.027520057445599
2026-09-20 16:31:41.078067541,-4062.404270057446,0.05,81127.535,-6.027520057445599
2026-09-20 16:33:05.825056791,-4055.0941600398937,0.04991,81222.315,-1.2884183898931951
2026-09-20 16:33:15.546747684,-4062.4060917223414,0.05,81244.815,-0.16534172234105426
2026-09-20 16:33:23.221625090,-4062.4060917223414,0.05,81257.61499999999,0.47465827765836366
2026-09-20 16:33:29.972955942,-4062.4060917223414,0.05,81262.795,0.733658277658833
2026-09-20 16:33:29.973188639,-4062.4060917223414,0.05,81262.795,0.733658277658833
2026-09-20 16:33:30.546958447,-4062.4060917223414,0.05,81265.07500000001,0.8476582776593204
2026-09-20 16:33:53.471066713,-4062.4060917223414,0.05,81289.61,2.0744082776586765
2026-09-20 16:33:56.731182814,-4062.4060917223414,0.05,81289.625,2.0751582776588293
2026-09-20 16:33:56.731382847,-4062.4060917223414,0.05,81289.625,2.0751582776588293
2026-09-20 16:34:02.421737194,-4062.4060917223414,0.05,81266.76999999999,0.9324082776583964
2026-09-20 16:34:02.533322572,-4062.4060917223414,0.05,81261.005,0.6441582776587893
2026-09-20 16:34:02.533518076,-4057.530363643973,0.049940000000000005,81261.005,0.6442260560274917
2026-09-20 16:34:11.020404339,-4062.4053381656045,0.05,81250.705,0.12991183439589804
2026-09-20 16:34:12.197384119,-4062.4053381656045,0.05,81245.85500000001,-0.11258816560393825
2026-09-20 16:34:12.197587252,-4062.4053381656045,0.05,81245.85500000001,-0.11258816560393825
2026-09-20 16:34:36.085362434,-4062.4053381656045,0.05,81239.35500000001,-0.43758816560375635
2026-09-20 16:35:13.780443668,-4062.4053381656045,0.05,81240.045,-0.4030881656044585
2026-09-20 16:35:34.082767010,-4062.4053381656045,0.05,81239.36499999999,-0.437088165604564
2026-09-20 16:36:21.639756918,-4062.4053381656045,0.05,81298.46,2.517661834396222
2026-09-20 16:36:23.086497545,-4062.4053381656045,0.05,81298.565,2.522911834395927
2026-09-20 16:36:45.378947258,-4062.4053381656045,0.05,81332.065,4.197911834395654
2026-09-20 16:36:46.127927302,-4062.4053381656045,0.05,81354.025,5.295911834395611
2026-09-20 16:36:46.231631279,-4062.4053381656045,0.05,81356.79000000001,5.434161834396036
2026-09-20 16:36:46.302377462,-4062.4053381656045,0.05,81354.295,5.3094118343956325
2026-09-20 16:36:46.341401339,-4062.4053381656045,0.05,81354.295,5.3094118343956325
2026-09-20 16:36:46.376948118,-4062.4053381656045,0.05,81354.295,5.3094118343956325
2026-09-20 16:36:46.403934479,-4062.4053381656045,0.05,81354.295,5.3094118343956325
2026-09-20 16:36:46.426601887,-4062.4053381656045,0.05,81354.295,5.3094118343956325
2026-09-20 16:36:46.426799536,-4062.4053381656045,0.05,81354.295,5.3094118343956325
2026-09-20 16:36:46.450052023,-4062.4053381656045,0.05,81354.295,5.3094118343956325
2026-09-20 16:36:46.472361565,-4062.4053381656045,0.05,81354.29000000001,5.309161834396036
2026-09-20 16:36:46.495281935,-4062.4053381656045,0.05,81354.29000000001,5.309161834396036
2026-09-20 16:36:46.514036417,-4062.4053381656045,0.05,81354.29000000001,5.309161834396036
2026-09-20 16:36:46.539908648,-4062.4053381656045,0.05,81354.29000000001,5.309161834396036
2026-09-20 16:36:46.565258026,-4062.4053381656045,0.05,81354.29000000001,5.309161834396036
2026-09-20 16:36:46.586296082,-4062.4053381656045,0.05,81353.775,5.283411834395338
2026-09-20 16:36:46.610860348,-4062.4053381656045,0.05,81353.775,5.283411834395338
2026-09-20 16:36:46.634893417,-4062.4053381656045,0.05,81353.775,5.283411834395338
2026-09-20 16:36:46.665190935,-4062.4053381656045,0.05,81353.775,5.283411834395338
2026-09-20 16:36:46.701034546,-4062.4053381656045,0.05,81355.48000000001,5.368661834396335
2026-09-20 16:37:38.524019718,-4062.4053381656045,0.05,81351.85500000001,5.187411834396244
2026-09-20 16:37:38.524235725,-4062.4053381656045,0.05,81351.85500000001,5.187411834396244
2026-09-20 16:37:38.524342537,-4062.4053381656045,0.05,81351.85500000001,5.187411834396244
2026-09-20 16:37:38.524435520,-4062.4053381656045,0.05,81351.85500000001,5.187411834396244
2026-09-20 16:38:02.205219507,-4062.4053381656045,0.05,81353.17499999999,5.253411834395138
2026-09-20 16:38:02.211184740,-4062.4053381656045,0.05,81353.17499999999,5.253411834395138
2026-09-20 16:38:02.238271475,-3946.0686825311623,0.04857,81353.17499999999,5.255027218837313
2026-09-20 16:38:02.242733240,-3935.4926229280313,0.048440000000000004,81353.17499999999,5.255174071968213
2026-09-20 16:38:02.375002384,-3935.4926229280313,0.048440000000000004,81389.995,7.0387348719687
2026-09-20 16:38:02.375200510,-3795.499888548143,0.046720000000000005,81389.995,7.040677851856799
2026-09-20 16:38:03.161085606,-3795.499888548143,0.046720000000000005,81394.75,7.262831451856982
2026-09-20 16:38:03.272817135,-3795.499888548143,0.046720000000000005,81395.38500000001,7.292498651857841
2026-09-20 16:38:03.359230280,-3795.499888548143,0.046720000000000005,81395.38500000001,7.292498651857841
2026-09-20 16:38:05.312412739,-3795.499888548143,0.046720000000000005,81395.38500000001,7.292498651857841
2026-09-20 16:38:05.324484587,-3784.918341645012,0.046590000000000006,81395.38500000001,7.292645504989196
2026-09-20 16:38:05.324613810,-3749.91784035004,0.04616000000000001,81395.38500000001,7.293131249960879
2026-09-20 16:38:05.446331024,-3749.91784035004,0.04616000000000001,81432.545,9.008436849960617
2026-09-20 16:38:05.563636780,-3749.91784035004,0.04616000000000001,81425.565,8.686240049960816
2026-09-20 16:38:07.267379521,-3762.1288634041193,0.046310000000000004,81407.95,7.873301095880834
2026-09-20 16:38:12.095921516,-3762.1288634041193,0.046310000000000004,81432.545,9.012295545880988
2026-09-20 16:38:12.109816551,-3760.50018991133,0.046290000000000005,81432.545,9.012318138670253
2026-09-20 16:38:13.347654819,-3749.910197558199,0.04616000000000001,81460.35,10.299558441801764
2026-09-20 16:38:13.347854137,-3748.2809679654097,0.04614000000000001,81460.35,10.299581034591029
2026-09-20 16:38:28.588893414,-3740.9486814978573,0.04605000000000001,81468.72,10.685874502143633
2026-09-20 16:38:28.711125851,-4008.165477480396,0.049330000000000006,81469.66500000001,10.733096969604958
2026-09-20 16:38:28.711319447,-4062.749396171951,0.05,81469.66500000001,10.733853828049632
2026-09-20 16:38:28.711416483,-4062.749396171951,0.05,81469.66500000001,10.733853828049632
2026-09-20 16:38:28.711507797,-4062.749396171951,0.05,81469.66500000001,10.733853828049632
2026-09-20 16:38:29.550040483,-4062.749396171951,0.05,81462.41,10.3711038280494
2026-09-20 16:38:29.550239563,-4062.749396171951,0.05,81462.41,10.3711038280494
2026-09-20 16:38:29.550341129,-4062.749396171951,0.05,81462.41,10.3711038280494
2026-09-20 16:38:29.550435305,-4062.749396171951,0.05,81462.41,10.3711038280494
2026-09-20 16:38:29.550531149,-4062.749396171951,0.05,81462.41,10.3711038280494
2026-09-20 16:38:34.927819967,-4062.749396171951,0.05,81445.16,9.508603828049218
2026-09-20 16:38:35.565009356,-4055.420105354399,0.04991,81435.435,9.022455495601207
2026-09-20 16:38:35.565193892,-4000.0432413995595,0.04923,81435.435,9.023223650440741
2026-09-20 16:38:36.205651283,-4062.7400450771675,0.05,81425.55,8.537454922832694
2026-09-20 16:39:04.044464827,-4062.7400450771675,0.05,81416.435,8.081704922832614
2026-09-20 16:39:04.044672012,-4062.7400450771675,0.05,81416.435,8.081704922832614
2026-09-20 16:39:08.260395527,-3795.028123813311,0.04671,81370.275,5.777421436688655
2026-09-20 16:39:08.420160532,-3528.9171763422446,0.04344,81378.36499999999,6.158999257755113
2026-09-20 16:39:08.540460587,-3394.635672437119,0.04179,81381.6,6.301391562881236
2026-09-20 16:39:09.850586653,-3127.7461244196575,0.03851,81367.63500000001,5.721499430343101
2026-09-20 16:39:10.015802859,-3127.7461244196575,0.03851,81368.485,5.754232930342823
2026-09-20 16:39:13.082528114,-3127.7461244196575,0.03851,81361.775,5.495830830342584
2026-09-20 16:39:42.837007284,-3127.7461244196575,0.03851,81356.005,5.273628130342786
2026-09-20 16:40:04.086304426,-3127.7461244196575,0.03851,81356.255,5.283255630342865
2026-09-20 16:40:15.083455801,-3127.7461244196575,0.03851,81310.13500000001,3.507174430343184
2026-09-20 16:40:28.583729982,-3127.7461244196575,0.03851,81324.01,4.041500680342324
2026-09-20 16:41:20.359600306,-3127.7461244196575,0.03851,81377.205,6.0900401303429135
2026-09-20 16:42:08.945602655,-3127.7461244196575,0.03851,81418.055,7.663173630342499
2026-09-20 16:42:09.087336302,-3127.7461244196575,0.03851,81418.055,7.663173630342499
2026-09-20 16:42:20.353728533,-3127.7461244196575,0.03851,81452.765,8.999855730342915
2026-09-20 16:42:20.353914976,-3135.8912879557106,0.038610000000000005,81452.765,8.999968694289691
2026-09-20 16:42:20.354017019,-3403.0526519382493,0.041890000000000004,81452.765,9.003673911750866
2026-09-20 16:42:28.086092710,-3403.0526519382493,0.041890000000000004,81397.435,6.685900211750777
2026-09-20 16:43:00.920820475,-3403.0526519382493,0.041890000000000004,81455.315,9.110493411751122
2026-09-20 16:43:39.739319563,-3403.0526519382493,0.041890000000000004,81454.32500000001,9.069022311751723
2026-09-20 16:43:42.048272133,-3403.0526519382493,0.041890000000000004,81454.32500000001,9.069022311751723
2026-09-20 16:43:56.679189920,-3403.0526519382493,0.041890000000000004,81379.42499999999,5.931461311750354
2026-09-20 16:43:56.679393053,-3403.0526519382493,0.041890000000000004,81379.42499999999,5.931461311750354
2026-09-20 16:44:40.441455841,-3403.0526519382493,0.041890000000000004,81458.555,9.24621701175056
2026-09-20 16:45:15.052906752,-3403.0526519382493,0.041890000000000004,81390.10500000001,6.378846511751362
2026-09-20 16:45:15.053104639,-3136.9033146671827,0.03862,81390.10500000001,6.382540432817677
2026-09-20 16:45:15.053210735,-2869.1261527033266,0.03533,81390.10500000001,6.386256946673711
2026-09-20 16:45:15.053306103,-1410.595227964025,0.017410000000000002,81390.10500000001,6.406500085975267
2026-09-20 16:46:03.232004642,-1410.595227964025,0.017410000000000002,81420.285,6.931933885975241
2026-09-20 16:46:23.257737875,-1410.595227964025,0.017410000000000002,81334.015,5.429973185975086
2026-09-20 16:46:26.119563341,-1410.595227964025,0.017410000000000002,81308.41500000001,4.984277185975316
2026-09-20 16:46:26.382974863,-1410.595227964025,0.017410000000000002,81308.675,4.988803785975051
2026-09-20 16:46:51.964610338,-1410.595227964025,0.017410000000000002,81300.58499999999,4.847956885975009
2026-09-20 16:46:51.964852810,-3404.057873404222,0.04193,81300.58499999999,4.875655645777897
2026-09-20 16:47:15.701946020,-3404.057873404222,0.04193,81358.285,7.29501664577856
2026-09-20 16:47:25.591306210,-3402.4308712114325,0.04191,81348.98,6.904880588567721
2026-09-20 16:49:10.681024075,-3402.4308712114325,0.04191,81290.525,4.455031538567255
2026-09-20 16:49:23.164494038,-3402.4308712114325,0.04191,81310.035,5.272695638567711
2026-09-20 16:49:46.324523449,-3402.4308712114325,0.04191,81298.485,4.78863513856777
2026-09-20 16:49:50.100109816,-3402.4308712114325,0.04191,81249.655,2.742169838567861
2026-09-20 16:50:13.465224743,-3402.4308712114325,0.04191,81266.945,3.466793738567958
2026-09-20 16:50:58.049914360,-3402.4308712114325,0.04191,81244.045,2.5070547385676036
2026-09-20 16:50:59.820008039,-3402.4308712114325,0.04191,81281.975,4.096701038567971
2026-09-20 16:50:59.820204496,-3402.4308712114325,0.04191,81281.975,4.096701038567971
2026-09-20 16:51:00.932732821,-3402.4308712114325,0.04191,81300.12,4.857157988567451
2026-09-20 16:51:11.850371599,-3402.4308712114325,0.04191,81268.695,3.5401362385678112
2026-09-20 16:51:12.102449179,-3474.799477132304,0.042800000000000005,81314.17,5.446998867696038
2026-09-20 16:51:19.734154463,-3474.799477132304,0.042800000000000005,81327.035,5.9976208676962415
2026-09-20 16:52:09.095551968,-3474.799477132304,0.042800000000000005,81254.285,2.883920867696361
2026-09-20 16:56:46.529886722,-3474.799477132304,0.042800000000000005,81346.01,6.809750867696039
2026-09-20 16:56:46.530333996,-3474.799477132304,0.042800000000000005,81346.01,6.809750867696039
2026-09-20 16:56:46.530450106,-2008.1105494326612,0.024770000000000004,81346.01,6.830118267339003
2026-09-20 16:57:20.349343061,-2008.1105494326612,0.024770000000000004,81359.055,7.153242917338957
2026-09-20 16:59:31.736505032,-2015.4271273651088,0.024860000000000004,81296.44,5.602371034891576
2026-09-20 17:00:21.677413225,-2015.4271273651088,0.024860000000000004,81293.785,5.536367734891428
2026-09-20 17:00:48.185198307,-2005.6735568083725,0.024740000000000005,81278.625,5.15962569162798
2026-09-20 17:01:43.236904383,-2005.6735568083725,0.024740000000000005,81278.09,5.146389791627826
2026-09-20 17:02:13.992514372,-2005.6735568083725,0.024740000000000005,81283.61,5.282954591627913
2026-09-20 17:03:05.373207331,-2005.6735568083725,0.024740000000000005,81311.36499999999,5.969613291627638
2026-09-20 17:03:21.452926397,-2005.6735568083725,0.024740000000000005,81277.11499999999,5.122268291627734
2026-09-20 17:03:21.453212500,-1998.3585147908202,0.024650000000000005,81277.11499999999,5.122369959179878
2026-09-20 17:03:37.373127699,-1998.3585147908202,0.024650000000000005,81304.095,5.787426959180266
2026-09-20 17:04:32.488737583,-1998.3585147908202,0.024650000000000005,81343.205,6.751488459180337
2026-09-20 17:04:57.810368538,-1998.3585147908202,0.024650000000000005,81365.555,7.302415959180053
2026-09-20 17:04:57.810659409,-1998.3585147908202,0.024650000000000005,81365.555,7.302415959180053
2026-09-20 17:04:57.810837507,-1998.3585147908202,0.024650000000000005,81365.555,7.302415959180053
2026-09-20 17:04:57.811015129,-1998.3585147908202,0.024650000000000005,81365.555,7.302415959180053
2026-09-20 17:05:06.209095240,-1998.3585147908202,0.024650000000000005,81395.055,8.029590959180041
2026-09-20 17:05:08.592837095,-2187.18021842725,0.026970000000000004,81389.795,7.902552722749988
2026-09-20 17:05:08.856165886,-2227.871451107515,0.027470000000000005,81383.595,7.73590354248563
2026-09-20 17:05:12.241438389,-2227.871451107515,0.027470000000000005,81392.755,7.987528742485665
2026-09-20 17:05:44.206356287,-2227.871451107515,0.027470000000000005,81341.275,6.573373142485252
2026-09-20 17:05:44.206732750,-2185.5734006949906,0.026950000000000005,81341.275,6.573960555009762
2026-09-20 17:06:06.956454754,-185.71459860321397,0.0023800000000000036,81393.205,8.001229296786335
2026-09-20 17:06:17.045349360,-185.71459860321397,0.0023800000000000036,81399.045,8.015128496786332
2026-09-20 17:07:17.469221115,-185.71459860321397,0.0023800000000000036,81432.545,8.094858496786316
2026-09-20 17:07:18.000433683,-185.71459860321397,0.0023800000000000036,81447.4,8.130213396786303
2026-09-20 17:07:20.677079439,-185.71459860321397,0.0023800000000000036,81399.545,8.016318496786312
2026-09-20 17:07:20.677313089,373.5080361699446,-0.004489999999999997,81399.545,8.024079119944872
2026-09-20 17:07:21.181731939,366.1824393374969,-0.004399999999999997,81396.65,8.03717933749715
2026-09-20 17:08:08.530638218,366.1824393374969,-0.004399999999999997,81329.525,8.332529337497135
2026-09-20 17:08:18.015290976,366.1824393374969,-0.004399999999999997,81289.985,8.506505337497117
2026-09-20 17:09:15.962828398,366.1824393374969,-0.004399999999999997,81301.975,8.453749337497129
2026-09-20 17:09:31.741186857,366.1824393374969,-0.004399999999999997,81257.38,8.649967337497117
2026-09-20 17:09:31.741399765,366.1824393374969,-0.004399999999999997,81257.38,8.649967337497117
2026-09-20 17:10:00.117293119,366.1824393374969,-0.004399999999999997,81277.155,8.562957337497153
2026-09-20 17:10:11.477560997,366.1824393374969,-0.004399999999999997,81238.15,8.734579337497166
2026-09-20 17:10:48.533959627,366.1824393374969,-0.004399999999999997,81227.485,8.781505337497151
2026-09-20 17:10:52.457227945,366.1824393374969,-0.004399999999999997,81258.03,8.647107337497118
2026-09-20 17:11:07.652982712,366.1824393374969,-0.004399999999999997,81247.515,8.693373337497121
2026-09-20 17:11:33.200392246,366.1824393374969,-0.004399999999999997,81266.10500000001,8.611577337497067
2026-09-20 17:11:54.788377762,366.1824393374969,-0.004399999999999997,81275.005,8.572417337497086
2026-09-20 17:13:09.557216406,366.1824393374969,-0.004399999999999997,81200.26,8.901295337497174
2026-09-20 17:13:11.092958212,366.1824393374969,-0.004399999999999997,81200.015,8.902373337497124
2026-09-20 17:13:11.093159676,366.1824393374969,-0.004399999999999997,81200.015,8.902373337497124
2026-09-20 17:13:11.197244883,379.17202887981205,-0.004559999999999997,81183.805,8.973878079812323
2026-09-20 17:13:13.305782795,379.17202887981205,-0.004559999999999997,81174.01999999999,9.018497679812299
2026-09-20 17:13:16.912410021,379.17202887981205,-0.004559999999999997,81173.245,9.0220316798123
2026-09-20 17:13:48.914246321,379.17202887981205,-0.004559999999999997,81196.16500000001,8.917516479812264
2026-09-20 17:14:45.861496210,379.17202887981205,-0.004559999999999997,81182.60500000001,8.979350079812207
2026-09-20 17:17:46.959031582,379.17202887981205,-0.004559999999999997,81245.785,8.691249279812268
2026-09-20 17:17:46.959152222,-703.0067805224484,0.008760000000000004,81245.785,8.706296077551997
2026-09-20 17:17:46.959302187,-970.3016966585923,0.012050000000000003,81245.785,8.71001259140803
2026-09-20 17:17:46.959405422,-1237.5966127947363,0.015340000000000003,81245.785,8.713729105264065
2026-09-20 17:17:46.959501028,-3477.51176108455,0.042910000000000004,81245.785,8.744873265450224
2026-09-20 17:17:46.959590673,-3737.4946582382463,0.046110000000000005,81245.785,8.748488111754341
2026-09-20 17:17:46.959678411,-4053.536367590708,0.05,81245.785,8.752882409292397
2026-09-20 17:17:46.959768057,-4053.536367590708,0.05,81245.785,8.752882409292397
2026-09-20 17:18:08.560578823,-4053.536367590708,0.05,81217.955,7.361382409292219
2026-09-20 17:18:58.541612625,-4053.536367590708,0.05,81270.195,9.973382409292753
2026-09-20 17:19:17.366427183,-4053.536367590708,0.05,81237.965,8.36188240929232
2026-09-20 17:19:58.445683241,-4053.536367590708,0.05,81267.79000000001,9.853132409292812
2026-09-20 17:19:58.445828676,-4053.536367590708,0.05,81267.79000000001,9.853132409292812
2026-09-20 17:20:43.600051165,-4053.536367590708,0.05,81237.005,8.313882409292546
2026-09-20 17:22:08.008327484,-4053.536367590708,0.05,81310.495,11.988382409292171
2026-09-20 17:22:13.392283678,-4053.536367590708,0.05,81330.985,13.01288240929216
2026-09-20 17:22:13.392472982,-4053.536367590708,0.05,81330.985,13.01288240929216
2026-09-20 17:22:13.392578363,-4053.536367590708,0.05,81330.985,13.01288240929216
2026-09-20 17:22:49.944321394,-4053.536367590708,0.05,81330.965,13.011882409291957
2026-09-20 17:23:53.909920692,-4053.536367590708,0.05,81242.375,8.582382409292222
2026-09-20 17:24:03.908095837,-4053.536367590708,0.05,81195.555,6.241382409291873
2026-09-20 17:24:29.495515347,-4053.536367590708,0.05,81167.765,4.851882409292102
2026-09-20 17:24:31.080455542,-4053.536367590708,0.05,81200.805,6.503882409292146
2026-09-20 17:25:08.994444370,-4046.2233933231555,0.04991,81254.14000000001,9.170734076845292
2026-09-20 17:25:27.557576180,-4046.2233933231555,0.04991,81241.955,8.562580726844772
2026-09-20 17:25:33.187068462,-4053.5386550056032,0.05,81281.815,10.552094994397066
2026-09-20 17:26:52.592626572,-4053.5386550056032,0.05,81255.435,9.233094994396652
2026-09-20 17:27:39.228484869,-4053.5386550056032,0.05,81167.765,4.849594994396739
2026-09-20 17:27:40.131669521,-4053.5386550056032,0.05,81141.2,3.5213449943967134
2026-09-20 17:27:45.083449125,-4053.5386550056032,0.05,81144.36499999999,3.679594994396666
2026-09-20 17:28:17.939009190,-4046.229621388051,0.04991,81210.355,6.979196661949118
2026-09-20 17:28:49.299110174,-4046.229621388051,0.04991,81187.135,5.820286461949308
2026-09-20 17:28:49.299366951,-4046.229621388051,0.04991,81187.135,5.820286461949308
2026-09-20 17:30:16.135527372,-4046.229621388051,0.04991,81178.85500000001,5.407031661949986
2026-09-20 17:31:22.191891909,-4046.229621388051,0.04991,81223.85,7.652732111949717
2026-09-20 17:31:22.192165136,-4046.229621388051,0.04991,81223.85,7.652732111949717
2026-09-20 17:31:22.192270756,-4053.5396662204985,0.05,81223.85,7.652833779502089
2026-09-20 17:32:26.517181635,-4053.5396662204985,0.05,81201.82500000001,6.55158377950238
2026-09-20 17:32:46.657840490,-4053.5396662204985,0.05,81200.955,6.508083779501703
2026-09-20 17:32:46.658101082,-4053.5396662204985,0.05,81200.955,6.508083779501703
2026-09-20 17:32:47.813206196,-4053.5396662204985,0.05,81201.36499999999,6.528583779501332
2026-09-20 17:32:56.574725866,-4053.5396662204985,0.05,81228.26,7.873333779501536
2026-09-20 17:32:56.574923754,-4053.5396662204985,0.05,81228.26,7.873333779501536
2026-09-20 17:33:16.517847776,-4053.5396662204985,0.05,81223.065,7.613583779501823
2026-09-20 17:33:39.302950382,-4053.5396662204985,0.05,81214.525,7.186583779501234
2026-09-20 17:33:39.303180218,-4053.5396662204985,0.05,81214.525,7.186583779501234
2026-09-20 17:33:47.379251242,-4053.5396662204985,0.05,81216.85500000001,7.303083779502231
2026-09-20 17:34:10.116225719,-4053.5396662204985,0.05,81259.655,9.443083779501649
2026-09-20 17:34:11.590501785,-4053.5396662204985,0.05,81259.655,9.443083779501649
2026-09-20 17:34:11.590706110,-4053.5396662204985,0.05,81259.655,9.443083779501649
2026-09-20 17:34:11.590812683,-4053.5396662204985,0.05,81259.655,9.443083779501649
2026-09-20 17:34:11.590974092,-3767.5017042895643,0.04648,81259.655,9.447060110435814
2026-09-20 17:36:29.387379646,-3767.5017042895643,0.04648,81307.185,11.656254510435701
2026-09-20 17:36:29.387979746,-3767.5017042895643,0.04648,81307.185,11.656254510435701
2026-09-20 17:36:29.388117313,-2300.6997081935265,0.02844,81307.185,11.676633206473525
2026-09-20 17:38:41.586339951,-2300.6997081935265,0.02844,81354.57500000001,13.02440480647374
2026-09-20 17:38:57.156609774,-2300.6997081935265,0.02844,81379.68,13.738391006473194
2026-09-20 17:39:14.079562664,-2300.6997081935265,0.02844,81395.07,14.176082606473756
2026-09-20 17:39:14.079770088,-2300.6997081935265,0.02844,81395.07,14.176082606473756
2026-09-20 17:39:14.079881430,-3764.976695279462,0.04643,81395.07,14.196404820538191
2026-09-20 17:39:34.710699320,-3764.976695279462,0.04643,81399.995,14.425072570537395
2026-09-20 17:39:36.935785770,-3764.976695279462,0.04643,81406.85500000001,14.743582370538206
2026-09-20 17:42:05.484796524,-3709.6418145246225,0.04575,81373.695,13.20473172537777
2026-09-20 17:45:14.546686172,-3709.6418145246225,0.04575,81404.07500000001,14.594616725377819
2026-09-20 17:45:18.550455570,-3709.6418145246225,0.04575,81403.555,14.570826725377174
2026-09-20 17:45:33.142560244,-3709.6418145246225,0.04575,81396.055,14.227701725376846
2026-09-20 17:46:10.752225399,-3696.6209049823074,0.04559,81379.555,13.473007467692241
2026-09-20 17:46:22.087659836,-3696.6209049823074,0.04559,81379.20999999999,13.457278917692292
2026-09-20 17:47:28.037601471,-3696.6209049823074,0.04559,81380.645,13.522700567692482
2026-09-20 17:47:28.037825346,-3696.6209049823074,0.04559,81380.645,13.522700567692482
2026-09-20 17:47:41.112028360,-3696.6209049823074,0.04559,81382.945,13.627557567692747
2026-09-20 17:47:44.151768208,-3696.6209049823074,0.04559,81370.965,13.081389367692282
2026-09-20 17:47:45.549733877,-4055.422541722245,0.05,81362.045,12.679708277754798
2026-09-20 17:47:55.694574833,-4055.422541722245,0.05,81360.265,12.590708277754857
2026-09-20 17:47:55.694902897,-4055.422541722245,0.05,81360.265,12.590708277754857
2026-09-20 17:47:55.695091486,-4055.422541722245,0.05,81360.265,12.590708277754857
2026-09-20 17:47:55.695275545,-4055.422541722245,0.05,81360.265,12.590708277754857
2026-09-20 17:48:55.062514544,-4055.422541722245,0.05,81348.745,12.014708277754835
2026-09-20 17:48:55.062702179,-4055.422541722245,0.05,81348.745,12.014708277754835
2026-09-20 17:48:55.178429604,-4055.422541722245,0.05,81348.745,12.014708277754835
2026-09-20 17:48:55.455476522,-4055.422541722245,0.05,81348.745,12.014708277754835
2026-09-20 17:49:55.718806028,-4055.422541722245,0.05,81330.175,11.086208277755304
2026-09-20 17:49:55.775824785,-4055.422541722245,0.05,81326.09,10.881958277755075
2026-09-20 17:50:30.679647684,-4055.422541722245,0.05,81332.47,11.200958277755035
2026-09-20 17:52:04.529664755,-4055.422541722245,0.05,81315.405,10.347708277754919
2026-09-20 17:52:17.819155693,-4055.422541722245,0.05,81267.83499999999,7.96920827775466
2026-09-20 17:53:30.157567263,-4031.055722830404,0.0497,81221.6,5.657797169596051
2026-09-20 17:54:04.399386883,-4031.055722830404,0.0497,81200.005,4.5845256695961325
2026-09-20 17:54:24.000589132,-4031.055722830404,0.0497,81179.005,3.540825669595961
2026-09-20 17:56:25.432560682,-4031.055722830404,0.0497,81100.005,-0.3854743304036674
2026-09-20 17:56:26.164967060,-4031.055722830404,0.0497,81082.735,-1.2437933304040598
2026-09-20 17:56:36.056811333,-4031.055722830404,0.0497,81084.035,-1.1791833304037027
2026-09-20 17:56:36.057253838,-4031.055722830404,0.0497,81084.035,-1.1791833304037027
2026-09-20 17:56:36.057444334,-4031.055722830404,0.0497,81084.035,-1.1791833304037027
2026-09-20 17:57:06.071302414,-4031.055722830404,0.0497,81167.795,2.983688669595722
2026-09-20 17:58:00.997033834,-4031.055722830404,0.0497,81132.98999999999,1.2538801695955044
2026-09-20 18:01:18.878324270,-4031.055722830404,0.0497,81147.435,1.971796669595733
2026-09-20 18:01:25.078078270,-4031.055722830404,0.0497,81147.95999999999,1.9978891695955099
2026-09-20 18:02:01.324594975,-4031.055722830404,0.0497,81150.815,2.1397826695961157
2026-09-20 18:02:02.570740461,-4031.055722830404,0.0497,81114.875,0.3535646695959258
2026-09-20 18:03:34.515961169,-4031.055722830404,0.0497,81110.035,0.11301666959616341
2026-09-20 18:05:10.488888979,-4031.055722830404,0.0497,81113.375,0.27901466959610843
2026-09-20 18:05:13.641465664,-4031.055722830404,0.0497,81084.955,-1.1334593304040936
2026-09-20 18:05:13.641705751,-4031.055722830404,0.0497,81084.955,-1.1334593304040936
2026-09-20 18:05:34.130264997,-4031.055722830404,0.0497,81069.995,-1.876971330404558
2026-09-20 18:06:14.665299892,-4031.055722830404,0.0497,81071.785,-1.7880083304039545
2026-09-20 18:06:14.665508747,-4031.055722830404,0.0497,81071.785,-1.7880083304039545
2026-09-20 18:07:32.254307269,-4031.055722830404,0.0497,81124.01,0.8075741695956822
2026-09-20 18:07:39.259465932,-4031.055722830404,0.0497,81144.03,1.8025681695958156
2026-09-20 18:08:06.556627989,-4031.055722830404,0.0497,81157.76000000001,2.484949169596348
2026-09-20 18:08:11.527891874,-4031.055722830404,0.0497,81157.505,2.4722756695960015
2026-09-20 18:08:19.545191050,-4031.055722830404,0.0497,81137.85500000001,1.4956706695966204
2026-09-20 18:09:54.745486736,-4031.055722830404,0.0497,81176.515,3.4170726695956546
2026-09-20 18:10:43.162420034,-4031.055722830404,0.0497,81150.425,2.1203996695958267
2026-09-20 18:11:55.581376314,-4031.055722830404,0.0497,81146.005,1.9007256695963406
2026-09-20 18:12:42.975430727,-4031.055722830404,0.0497,81128.025,1.0071196695957951
2026-09-20 18:13:44.995328426,-4031.055722830404,0.0497,81105.86,-0.09448083040388155
2026-09-20 18:16:48.566125154,-4031.055722830404,0.0497,81198.025,4.48611966959561
2026-09-20 18:18:06.647865772,-4031.055722830404,0.0497,81228.435,5.997496669595876
2026-09-20 18:18:06.648102760,-4031.055722830404,0.0497,81228.435,5.997496669595876
2026-09-20 18:18:12.354044437,-4031.055722830404,0.0497,81228.435,5.997496669595876
2026-09-20 18:20:30.221472263,-4031.055722830404,0.0497,81224.255,5.7897506695962875
2026-09-20 18:20:30.222130775,-4031.055722830404,0.0497,81224.255,5.7897506695962875
2026-09-20 18:20:33.834612846,-4031.055722830404,0.0497,81224.775,5.815594669595612
2026-09-20 18:20:33.835331678,-4031.055722830404,0.0497,81224.775,5.815594669595612
2026-09-20 18:21:22.404398918,-4031.055722830404,0.0497,81224.255,5.7897506695962875
2026-09-20 18:21:22.404587746,-4031.055722830404,0.0497,81224.255,5.7897506695962875
2026-09-20 18:21:22.404705048,-4031.055722830404,0.0497,81224.255,5.7897506695962875
2026-09-20 18:21:22.404806852,-2576.3090839374972,0.03179,81224.255,5.809982512502756
2026-09-20 18:24:06.141876698,-2576.3090839374972,0.03179,81185.005,4.5622250125029495
2026-09-20 18:25:44.778047800,-2569.8114091663397,0.03171,81219.805,5.668607383660401
2026-09-20 18:26:07.423622847,-2569.8114091663397,0.03171,81231.095,6.026613283660481
2026-09-20 18:26:07.423896790,-860.6854027518921,0.010670000000000002,81231.095,6.0503808981081875
2026-09-20 18:26:10.494964838,-860.6854027518921,0.010670000000000002,81230.87,6.047980148108081
2026-09-20 18:28:05.427860260,-860.6854027518921,0.010670000000000002,81268.63500000001,6.450932698108204
2026-09-20 18:28:07.195981979,-860.6854027518921,0.010670000000000002,81268.63500000001,6.450932698108204
2026-09-20 18:28:51.202260494,-860.6854027518921,0.010670000000000002,81254.85,6.303846748108185
2026-09-20 18:29:05.200163603,-860.6854027518921,0.010670000000000002,81256.735,6.323959698108183
2026-09-20 18:30:12.824980974,-860.6854027518921,0.010670000000000002,81268.63500000001,6.450932698108204
2026-09-20 18:31:20.647701979,-860.6854027518921,0.010670000000000002,81305.965,6.849243798108091
2026-09-20 18:31:20.647985935,-860.6854027518921,0.010670000000000002,81305.965,6.849243798108091
2026-09-20 18:31:21.144589901,-603.0681262947724,0.007500000000000002,81266.15,6.427998705227765
2026-09-20 18:31:21.144986868,-336.51144907731094,0.004220000000000002,81266.15,6.431703922689223
2026-09-20 18:31:21.145190954,12.93785337240979,-7.999999999999761e-05,81266.15,6.436561372409986
2026-09-20 18:31:21.570916414,12.93785337240979,-7.999999999999761e-05,81268.545,6.436369772409985
2026-09-20 18:33:21.312899113,12.93785337240979,-7.999999999999761e-05,81259.26999999999,6.4371117724099856
2026-09-20 18:33:55.916869402,12.93785337240979,-7.999999999999761e-05,81271.705,6.436116972409985
2026-09-20 18:35:47.819819689,12.93785337240979,-7.999999999999761e-05,81254.01000000001,6.437532572409984
2026-09-20 18:35:47.820110083,12.93785337240979,-7.999999999999761e-05,81254.01000000001,6.437532572409984
2026-09-20 18:39:54.893082142,12.93785337240979,-7.999999999999761e-05,81188.42,6.442779772409985
2026-09-20 18:40:03.888304710,12.93785337240979,-7.999999999999761e-05,81188.43,6.442778972409985
2026-09-20 18:40:15.075497150,12.93785337240979,-7.999999999999761e-05,81188.43,6.442778972409985
2026-09-20 18:40:30.833037615,12.93785337240979,-7.999999999999761e-05,81188.75,6.442753372409985
2026-09-20 18:40:33.481763363,12.93785337240979,-7.999999999999761e-05,81188.555,6.4427689724099855
2026-09-20 18:40:33.482053041,12.93785337240979,-7.999999999999761e-05,81188.555,6.4427689724099855
2026-09-20 18:40:34.167303324,12.93785337240979,-7.999999999999761e-05,81188.75,6.442753372409985
2026-09-20 18:40:51.903386593,12.93785337240979,-7.999999999999761e-05,81188.945,6.442737772409984
2026-09-20 18:40:52.785751820,12.93785337240979,-7.999999999999761e-05,81188.945,6.442737772409984
2026-09-20 18:40:54.274712086,12.93785337240979,-7.999999999999761e-05,81188.945,6.442737772409984
2026-09-20 18:40:55.432579756,12.93785337240979,-7.999999999999761e-05,81188.945,6.442737772409984
2026-09-20 18:40:56.914686918,12.93785337240979,-7.999999999999761e-05,81188.945,6.442737772409984
2026-09-20 18:40:59.983364105,12.93785337240979,-7.999999999999761e-05,81188.945,6.442737772409984
2026-09-20 18:41:00.092901468,12.93785337240979,-7.999999999999761e-05,81188.945,6.442737772409984
2026-09-20 18:41:00.345562935,12.93785337240979,-7.999999999999761e-05,81188.945,6.442737772409984
2026-09-20 18:41:00.349525928,12.93785337240979,-7.999999999999761e-05,81188.945,6.442737772409984
2026-09-20 18:41:00.859393358,12.93785337240979,-7.999999999999761e-05,81188.945,6.442737772409984
2026-09-20 18:41:00.863122940,12.93785337240979,-7.999999999999761e-05,81188.945,6.442737772409984
2026-09-20 18:41:01.573573589,12.93785337240979,-7.999999999999761e-05,81188.945,6.442737772409984
2026-09-20 18:41:02.352561235,12.93785337240979,-7.999999999999761e-05,81188.945,6.442737772409984
2026-09-20 18:41:02.359645605,12.93785337240979,-7.999999999999761e-05,81188.945,6.442737772409984
2026-09-20 18:41:03.183702469,12.93785337240979,-7.999999999999761e-05,81188.945,6.442737772409984
2026-09-20 18:41:03.273258924,12.93785337240979,-7.999999999999761e-05,81188.945,6.442737772409984
2026-09-20 18:41:04.573509693,12.93785337240979,-7.999999999999761e-05,81188.945,6.442737772409984
2026-09-20 18:41:05.344386816,12.93785337240979,-7.999999999999761e-05,81188.945,6.442737772409984
2026-09-20 18:41:05.855940580,12.93785337240979,-7.999999999999761e-05,81188.945,6.442737772409984
2026-09-20 18:41:06.572483540,12.93785337240979,-7.999999999999761e-05,81188.945,6.442737772409984
2026-09-20 18:41:06.828274012,12.93785337240979,-7.999999999999761e-05,81188.945,6.442737772409984
2026-09-20 18:41:07.574357986,12.93785337240979,-7.999999999999761e-05,81188.945,6.442737772409984
2026-09-20 18:41:08.271786690,12.93785337240979,-7.999999999999761e-05,81188.945,6.442737772409984
2026-09-20 18:41:08.276591778,12.93785337240979,-7.999999999999761e-05,81188.945,6.442737772409984
2026-09-20 18:41:08.829945564,12.93785337240979,-7.999999999999761e-05,81188.945,6.442737772409984
2026-09-20 18:41:08.838931084,12.93785337240979,-7.999999999999761e-05,81188.945,6.442737772409984
2026-09-20 18:41:08.852855206,12.93785337240979,-7.999999999999761e-05,81188.945,6.442737772409984
2026-09-20 18:41:09.596092701,12.93785337240979,-7.999999999999761e-05,81188.945,6.442737772409984
2026-09-20 18:41:09.843022108,12.93785337240979,-7.999999999999761e-05,81188.945,6.442737772409984
2026-09-20 18:41:10.072812319,12.93785337240979,-7.999999999999761e-05,81188.945,6.442737772409984
2026-09-20 18:41:10.441195250,12.93785337240979,-7.999999999999761e-05,81188.945,6.442737772409984
2026-09-20 18:41:10.849088907,12.93785337240979,-7.999999999999761e-05,81188.945,6.442737772409984
2026-09-20 18:41:11.141473055,12.93785337240979,-7.999999999999761e-05,81188.945,6.442737772409984
2026-09-20 18:41:11.823112726,12.93785337240979,-7.999999999999761e-05,81188.945,6.442737772409984
2026-09-20 18:41:11.839923859,12.93785337240979,-7.999999999999761e-05,81188.945,6.442737772409984
2026-09-20 18:41:12.575462818,12.93785337240979,-7.999999999999761e-05,81188.945,6.442737772409984
2026-09-20 18:41:12.829858780,12.93785337240979,-7.999999999999761e-05,81188.945,6.442737772409984
2026-09-20 18:41:13.359312296,12.93785337240979,-7.999999999999761e-05,81188.945,6.442737772409984
2026-09-20 18:41:13.821568012,12.93785337240979,-7.999999999999761e-05,81188.945,6.442737772409984
2026-09-20 18:41:14.484116793,12.93785337240979,-7.999999999999761e-05,81188.945,6.442737772409984
2026-09-20 18:41:14.822925329,12.93785337240979,-7.999999999999761e-05,81188.945,6.442737772409984
2026-09-20 18:41:15.575512409,12.93785337240979,-7.999999999999761e-05,81188.945,6.442737772409984
2026-09-20 18:41:15.844920397,12.93785337240979,-7.999999999999761e-05,81188.945,6.442737772409984
2026-09-20 18:41:16.146716118,12.93785337240979,-7.999999999999761e-05,81188.945,6.442737772409984
2026-09-20 18:41:16.829323530,12.93785337240979,-7.999999999999761e-05,81188.945,6.442737772409984
2026-09-20 18:41:16.840916157,12.93785337240979,-7.999999999999761e-05,81188.945,6.442737772409984
2026-09-20 18:41:16.970198870,12.93785337240979,-7.999999999999761e-05,81188.945,6.442737772409984
2026-09-20 18:41:17.573948860,12.93785337240979,-7.999999999999761e-05,81188.945,6.442737772409984
2026-09-20 18:41:45.651062012,12.93785337240979,-7.999999999999761e-05,81188.945,6.442737772409984
2026-09-20 18:41:45.861705780,12.93785337240979,-7.999999999999761e-05,81188.945,6.442737772409984
2026-09-20 18:41:46.091599941,12.93785337240979,-7.999999999999761e-05,81188.945,6.442737772409984
2026-09-20 18:41:46.122295141,12.93785337240979,-7.999999999999761e-05,81188.945,6.442737772409984
2026-09-20 18:41:46.139433384,12.93785337240979,-7.999999999999761e-05,81188.945,6.442737772409984
2026-09-20 18:41:46.187666655,12.93785337240979,-7.999999999999761e-05,81188.945,6.442737772409984
2026-09-20 18:41:46.216964006,12.93785337240979,-7.999999999999761e-05,81188.945,6.442737772409984
2026-09-20 18:41:46.322534561,12.93785337240979,-7.999999999999761e-05,81188.945,6.442737772409984
2026-09-20 18:41:46.379250765,12.93785337240979,-7.999999999999761e-05,81188.945,6.442737772409984
2026-09-20 18:41:46.437610388,12.93785337240979,-7.999999999999761e-05,81188.945,6.442737772409984
2026-09-20 18:41:46.548869848,12.93785337240979,-7.999999999999761e-05,81188.945,6.442737772409984
2026-09-20 18:41:46.564265490,12.93785337240979,-7.999999999999761e-05,81188.945,6.442737772409984
2026-09-20 18:41:46.631448507,12.93785337240979,-7.999999999999761e-05,81188.945,6.442737772409984
2026-09-20 18:41:46.653608084,12.93785337240979,-7.999999999999761e-05,81188.945,6.442737772409984
2026-09-20 18:41:46.867480040,12.93785337240979,-7.999999999999761e-05,81188.945,6.442737772409984
2026-09-20 18:41:46.897243500,12.93785337240979,-7.999999999999761e-05,81188.945,6.442737772409984
2026-09-20 18:41:46.983578205,12.93785337240979,-7.999999999999761e-05,81188.945,6.442737772409984
2026-09-20 18:41:47.004154205,12.93785337240979,-7.999999999999761e-05,81188.945,6.442737772409984
2026-09-20 18:41:47.142500162,12.93785337240979,-7.999999999999761e-05,81188.945,6.442737772409984
2026-09-20 18:41:47.216625929,12.93785337240979,-7.999999999999761e-05,81188.945,6.442737772409984
2026-09-20 18:41:47.235859632,12.93785337240979,-7.999999999999761e-05,81188.945,6.442737772409984
2026-09-20 18:41:47.236504316,12.93785337240979,-7.999999999999761e-05,81188.945,6.442737772409984
2026-09-20 18:41:47.362637043,12.93785337240979,-7.999999999999761e-05,81188.945,6.442737772409984
2026-09-20 18:41:47.485840797,12.93785337240979,-7.999999999999761e-05,81188.945,6.442737772409984
2026-09-20 18:41:47.602513552,12.93785337240979,-7.999999999999761e-05,81188.945,6.442737772409984
2026-09-20 18:41:47.919359922,12.93785337240979,-7.999999999999761e-05,81188.945,6.442737772409984
2026-09-20 18:41:48.189611435,12.93785337240979,-7.999999999999761e-05,81188.945,6.442737772409984
2026-09-20 18:41:48.218669891,12.93785337240979,-7.999999999999761e-05,81188.945,6.442737772409984
2026-09-20 18:41:48.294299603,12.93785337240979,-7.999999999999761e-05,81188.945,6.442737772409984
2026-09-20 18:41:48.910638332,12.93785337240979,-7.999999999999761e-05,81188.945,6.442737772409984
2026-09-20 18:41:49.232899666,12.93785337240979,-7.999999999999761e-05,81188.945,6.442737772409984
2026-09-20 18:41:49.282427549,12.93785337240979,-7.999999999999761e-05,81188.945,6.442737772409984
2026-09-20 18:41:49.910670280,12.93785337240979,-7.999999999999761e-05,81188.945,6.442737772409984
2026-09-20 18:41:50.194034100,12.93785337240979,-7.999999999999761e-05,81188.945,6.442737772409984
2026-09-20 18:41:50.916699171,12.93785337240979,-7.999999999999761e-05,81195.445,6.442217772409984
2026-09-20 18:41:51.580205917,5.628153689962085,1.0000000000002398e-05,81220.015,6.440353839962279
2026-09-20 18:41:51.580600739,-189.29717117531,0.002410000000000002,81220.015,6.443064974690145
2026-09-20 18:41:52.091376781,-321.683954312974,0.004040000000000002,81220.015,6.4449062870261855
2026-09-20 18:46:52.805775166,-321.683954312974,0.004040000000000002,81215.75,6.427675687026181
2026-09-20 18:46:54.396375895,-321.683954312974,0.004040000000000002,81205.215,6.38511428702617
2026-09-20 18:46:54.396642923,-946.1433707354502,0.01173,81205.215,6.393801214549853
2026-09-20 18:48:10.374700785,-946.1433707354502,0.01173,81164.215,5.912871214549909
2026-09-20 18:48:10.374934673,-899.8791242909523,0.011160000000000002,81164.215,5.9135151090478075
2026-09-20 18:48:15.079746485,-899.8791242909523,0.011160000000000002,81148.60500000001,5.73930750904799
2026-09-20 18:48:27.792115211,-899.8791242909523,0.011160000000000002,81138.705,5.628823509047834
2026-09-20 18:48:27.792306423,-899.8791242909523,0.011160000000000002,81138.705,5.628823509047834
2026-09-20 18:50:06.243889332,-899.8791242909523,0.011160000000000002,81175.07,6.034656909047953
2026-09-20 18:50:06.244161606,-899.8791242909523,0.011160000000000002,81175.07,6.034656909047953
2026-09-20 18:50:06.977639914,-899.8791242909523,0.011160000000000002,81172.005,6.0004515090479345
2026-09-20 18:50:06.977976799,-899.8791242909523,0.011160000000000002,81172.005,6.0004515090479345
2026-09-20 18:50:09.351510048,-999.6785633844042,0.012390000000000002,81138.88500000001,5.632221765596
2026-09-20 18:52:04.530501604,-999.6785633844042,0.012390000000000002,81099.48000000001,5.143993815595991
2026-09-20 18:52:04.530703068,-999.6785633844042,0.012390000000000002,81099.48000000001,5.143993815595991
2026-09-20 18:52:05.608243942,-999.6785633844042,0.012390000000000002,81053.53,4.574673315595874
2026-09-20 18:52:05.608443737,-999.6785633844042,0.012390000000000002,81053.53,4.574673315595874
2026-09-20 18:52:07.437063694,-999.6785633844042,0.012390000000000002,81050.655,4.539052065595911
2026-09-20 18:52:36.536792516,-999.6785633844042,0.012390000000000002,81051.225,4.54611436559594
2026-09-20 18:53:07.368756771,-999.6785633844042,0.012390000000000002,81069.475,4.772231865595927
2026-09-20 18:54:18.427631855,-1004.5431777060361,0.012450000000000001,81078.035,4.878358043963999
2026-09-20 18:55:05.623643160,-1004.5431777060361,0.012450000000000001,81067.20999999999,4.743586793963914
2026-09-20 18:55:13.071172953,-1004.5431777060361,0.012450000000000001,81066.265,4.731821543963974
2026-09-20 18:55:13.081090450,-1004.5431777060361,0.012450000000000001,81066.265,4.731821543963974
2026-09-20 18:57:39.824233532,-1004.5431777060361,0.012450000000000001,81074.22,4.830861293963949
2026-09-20 18:57:39.824566364,-1004.5431777060361,0.012450000000000001,81074.22,4.830861293963949
2026-09-20 19:00:02.600002527,-1004.5431777060361,0.012450000000000001,81036.205,4.357574543964006
2026-09-20 19:01:36.369464636,-1004.5431777060361,0.012450000000000001,81075.995,4.85296004396389
2026-09-20 19:02:33.131602526,-1004.5431777060361,0.012450000000000001,81097.82500000001,5.124743543964087
2026-09-20 19:02:37.820770264,-1004.5431777060361,0.012450000000000001,81097.82500000001,5.124743543964087
2026-09-20 19:03:04.674007893,-1004.5431777060361,0.012450000000000001,81113.17,5.315788793963975
2026-09-20 19:04:20.100723267,-1004.5431777060361,0.012450000000000001,81121.445,5.418812543964123
2026-09-20 19:05:33.677262783,-1004.5431777060361,0.012450000000000001,81130.005,5.525384543964037
2026-09-20 19:05:33.677461386,-1004.5431777060361,0.012450000000000001,81130.005,5.525384543964037
2026-09-20 19:05:33.677562952,-1004.5431777060361,0.012450000000000001,81130.005,5.525384543964037
2026-09-20 19:05:33.677656412,455.8172458044229,-0.005549999999999998,81130.005,5.545718054423048
2026-09-20 19:06:31.299129009,455.8172458044229,-0.005549999999999998,81138.265,5.499875054423114
2026-09-20 19:06:49.811541557,448.5176468219752,-0.005459999999999998,81107.785,5.669140721975339
2026-09-20 19:06:49.811761141,182.4878172394366,-0.002179999999999998,81107.785,5.672845939436769
2026-09-20 19:06:49.811879396,-84.3530788967073,0.001110000000000002,81107.785,5.676562453292874
2026-09-20 19:09:06.088657856,-84.3530788967073,0.001110000000000002,81121.33,5.69159740329286
2026-09-20 19:09:06.659511566,-84.3530788967073,0.001110000000000002,81121.32500000001,5.691591853292877
2026-09-20 19:09:06.659699917,-84.3530788967073,0.001110000000000002,81121.32500000001,5.691591853292877
2026-09-20 19:09:53.154756546,-84.3530788967073,0.001110000000000002,81133.995,5.705655553292857
2026-09-20 19:10:16.353431702,-84.3530788967073,0.001110000000000002,81133.995,5.705655553292857
2026-09-20 19:10:23.665135622,-84.3530788967073,0.001110000000000002,81138.35500000001,5.710495153292882
2026-09-20 19:10:37.901224136,-84.3530788967073,0.001110000000000002,81128.39499999999,5.699439553292848
2026-09-20 19:10:37.901496649,-64.07069773683982,0.000860000000000002,81128.39499999999,5.699721963160343
2026-09-20 19:10:50.813872337,-64.07069773683982,0.000860000000000002,81118.31,5.691048863160347
2026-09-20 19:10:50.814034462,-64.07069773683982,0.000860000000000002,81118.31,5.691048863160347
2026-09-20 19:10:52.568760395,-64.07069773683982,0.000860000000000002,81118.33,5.691066063160349
2026-09-20 19:10:52.569012403,-64.07069773683982,0.000860000000000002,81118.33,5.691066063160349
2026-09-20 19:10:52.569129229,-64.07069773683982,0.000860000000000002,81118.33,5.691066063160349
2026-09-20 19:10:54.295202971,-64.07069773683982,0.000860000000000002,81118.26999999999,5.691014463160343
2026-09-20 19:10:56.335088015,-64.07069773683982,0.000860000000000002,81109.495,5.683467963160339
2026-09-20 19:10:56.335329056,-43.79304157697233,0.000610000000000002,81109.495,5.683750373027834
2026-09-20 19:11:08.947228909,-34.05917982023593,0.000490000000000002,81114.38500000001,5.6868688297642365
2026-09-20 19:11:26.099112272,-34.05917982023593,0.000490000000000002,81118.83,5.689046879764234
2026-09-20 19:11:36.889356136,-6.479828342816148,0.00015000000000000202,81114.61,5.687363157184016
2026-09-20 19:12:50.307343960,13.799757817051336,-9.999999999999799e-05,81117.215,5.6880363170515
2026-09-20 19:12:53.673233747,41.38173919447112,-0.000439999999999998,81122.345,5.6879073944712815
2026-09-20 19:13:13.523464680,53.55016064039161,-0.000589999999999998,81121.68,5.6883694403917815
2026-09-20 19:13:38.681145191,53.55016064039161,-0.000589999999999998,81127.645,5.68485009039177
2026-09-20 19:13:55.502038479,53.55016064039161,-0.000589999999999998,81126.105,5.685758690391779
2026-09-20 19:14:07.104554415,53.55016064039161,-0.000589999999999998,81126.245,5.68567609039178
2026-09-20 19:14:08.237593412,53.55016064039161,-0.000589999999999998,81125.85500000001,5.685906190391769
2026-09-20 19:14:08.237867117,53.55016064039161,-0.000589999999999998,81125.85500000001,5.685906190391769
2026-09-20 19:14:23.608361483,53.55016064039161,-0.000589999999999998,81092.825,5.705393890391775
2026-09-20 19:14:29.029506922,53.55016064039161,-0.000589999999999998,81093.445,5.705028090391771
2026-09-20 19:14:29.029727459,53.55016064039161,-0.000589999999999998,81093.445,5.705028090391771
2026-09-20 19:14:46.390067816,53.55016064039161,-0.000589999999999998,81093.985,5.704709490391771
2026-09-20 19:14:58.644757032,81.12178221781139,-0.000929999999999998,81091.875,5.706338467811548
2026-09-20 19:15:24.943013430,81.12178221781139,-0.000929999999999998,81094.245,5.704134367811548
2026-09-20 19:15:39.596631050,81.12178221781139,-0.000929999999999998,81094.245,5.704134367811548
2026-09-20 19:15:51.393694639,81.12178221781139,-0.000929999999999998,81094.235,5.70414366781155
2026-09-20 19:16:23.454299927,81.12178221781139,-0.000929999999999998,81093.815,5.704534267811553
2026-09-20 19:16:26.004675150,81.12178221781139,-0.000929999999999998,81090.38500000001,5.707724167811534
2026-09-20 19:16:26.004990816,81.12178221781139,-0.000929999999999998,81090.38500000001,5.707724167811534
2026-09-20 19:16:26.005112648,81.12178221781139,-0.000929999999999998,81090.38500000001,5.707724167811534
2026-09-20 19:16:39.597852707,81.12178221781139,-0.000929999999999998,81076.60500000001,5.720539567811542
2026-09-20 19:16:39.598069906,101.39121587767887,-0.0011799999999999979,81076.60500000001,5.720821977679037
2026-09-20 19:16:59.084135056,101.39121587767887,-0.0011799999999999979,81079.55,5.717346877679049
2026-09-20 19:17:11.185474634,101.39121587767887,-0.0011799999999999979,81089.545,5.705552777679046
2026-09-20 19:17:11.185657501,-116.73662144214698,0.0015100000000000022,81089.545,5.7085915078532
2026-09-20 19:17:49.930903435,-115.11513334935758,0.0014900000000000022,81073.275,5.684046400642586
2026-09-20 19:21:43.828230858,-115.11513334935758,0.0014900000000000022,81099.495,5.723114200642598
2026-09-20 19:21:43.828444004,-115.11513334935758,0.0014900000000000022,81099.495,5.723114200642598
2026-09-20 19:21:43.828565598,-1012.8740378904253,0.012560000000000002,81099.495,5.735619309574872
2026-09-20 19:22:41.230947256,-1012.8740378904253,0.012560000000000002,81085.20999999999,5.556199709574798
2026-09-20 19:23:05.247195959,-1012.8740378904253,0.012560000000000002,81084.695,5.549731309575009
2026-09-20 19:23:05.247399569,-1012.8740378904253,0.012560000000000002,81084.695,5.549731309575009
2026-09-20 19:24:45.420964718,-1012.8740378904253,0.012560000000000002,81084.26000000001,5.544267709575024
2026-09-20 19:25:27.567016363,-1012.8740378904253,0.012560000000000002,81084.775,5.550736109574814
2026-09-20 19:25:30.645951271,-1012.8740378904253,0.012560000000000002,81069.565,5.359698509574969
2026-09-20 19:26:09.023940563,-1012.8740378904253,0.012560000000000002,81070.355,5.369620909574792
2026-09-20 19:27:04.726196289,-1012.8740378904253,0.012560000000000002,81059.86499999999,5.237866509574815
2026-09-20 19:28:21.156755209,-1012.8740378904253,0.012560000000000002,81097.485,5.710373709574924
2026-09-20 19:28:24.536861897,-1012.8740378904253,0.012560000000000002,81097.485,5.710373709574924
2026-09-20 19:29:17.666021347,-1012.8740378904253,0.012560000000000002,81111.925,5.8917401095749256
2026-09-20 19:29:17.666309357,720.5119397550476,-0.008809999999999998,81111.925,5.915880505047653
2026-09-20 19:29:39.089970112,720.5119397550476,-0.008809999999999998,81112.17499999999,5.913678005047814
2026-09-20 19:30:36.634727001,720.5119397550476,-0.008809999999999998,81126.655,5.786109205047751
2026-09-20 19:33:35.497645855,720.5119397550476,-0.008809999999999998,81229.795,4.877445805047728
2026-09-20 19:33:41.962000370,720.5119397550476,-0.008809999999999998,81257.04000000001,4.63741735504766
2026-09-20 19:33:41.962202787,720.5119397550476,-0.008809999999999998,81257.04000000001,4.63741735504766
2026-09-20 19:33:59.352591753,720.5119397550476,-0.008809999999999998,81257.745,4.631206305047726
2026-09-20 19:34:47.865831614,720.5119397550476,-0.008809999999999998,81256.765,4.6398401050477105
2026-09-20 19:34:47.866700888,720.5119397550476,-0.008809999999999998,81256.765,4.6398401050477105
2026-09-20 19:34:47.866854668,720.5119397550476,-0.008809999999999998,81256.765,4.6398401050477105
2026-09-20 19:34:47.866958380,702.635699975731,-0.008589999999999999,81256.765,4.640088625731096
2026-09-20 19:34:47.867056131,-998.044748120163,0.012340000000000002,81256.765,4.663731979837166
2026-09-20 19:34:47.867181301,-3021.3100685973614,0.03724,81256.765,4.691860002638805
2026-09-20 19:34:50.172881126,-3021.3100685973614,0.03724,81247.535,4.348134802638924
2026-09-20 19:35:41.475132704,-3021.3100685973614,0.03724,81283.63500000001,5.692498802638966
2026-09-20 19:36:09.849219799,-3021.3100685973614,0.03724,81256.465,4.680688002638817
2026-09-20 19:36:12.882629395,-3021.3100685973614,0.03724,81271.98,5.258466602638691
2026-09-20 19:39:01.822160721,-2916.4873845124453,0.03595,81256.765,4.693317237554766
2026-09-20 19:45:30.352831602,-2916.4873845124453,0.03595,81228.14,3.6642484875551418
2026-09-20 19:47:12.127486706,-2916.4873845124453,0.03595,81258.01000000001,4.738074987555137
2026-09-20 19:47:12.127652884,-2916.4873845124453,0.03595,81258.01000000001,4.738074987555137
2026-09-20 19:47:12.127757072,-1451.385096812802,0.017920000000000002,81258.01000000001,4.758442387198329
2026-09-20 19:47:29.424578905,-1451.385096812802,0.017920000000000002,81286.065,5.261187987198127
2026-09-20 19:47:40.650475025,-1451.385096812802,0.017920000000000002,81286.065,5.261187987198127
2026-09-20 19:48:52.984981537,-1451.385096812802,0.017920000000000002,81270.965,4.9905959871980485
2026-09-20 19:48:52.985533953,-1451.385096812802,0.017920000000000002,81270.965,4.9905959871980485
2026-09-20 19:49:33.937474012,-1451.385096812802,0.017920000000000002,81236.465,4.372355987198034
2026-09-20 19:49:33.937713385,-1451.385096812802,0.017920000000000002,81236.465,4.372355987198034
2026-09-20 19:51:51.381049156,-1451.385096812802,0.017920000000000002,81263.625,4.859063187198217
2026-09-20 19:58:06.086920977,-1451.385096812802,0.017920000000000002,81186.525,3.4774311871981354
2026-09-20 19:58:06.087193012,-1526.887514498095,0.018850000000000002,81186.525,3.478481751905065
2026-09-20 19:59:09.691714764,-1526.887514498095,0.018850000000000002,81164.005,3.053979751905217
2026-09-20 20:00:06.199749708,-1526.887514498095,0.018850000000000002,81183.5,3.4214605019051305
2026-09-20 20:04:38.102021217,-1526.887514498095,0.018850000000000002,81213.995,3.996291251905177
2026-09-20 20:06:34.101492882,-1526.887514498095,0.018850000000000002,81224.26,4.189786501905019
2026-09-20 20:07:19.012275219,-1521.201932523332,0.01878,81221.47,4.137274076668064
2026-09-20 20:07:19.012457132,-1517.1408025413587,0.01873,81221.47,4.137330558641452
2026-09-20 20:08:31.932245016,-1517.1408025413587,0.01873,81200.005,3.735291108641377
2026-09-20 20:08:31.932521105,-1517.1408025413587,0.01873,81200.005,3.735291108641377
2026-09-20 20:08:51.311386347,-1517.1408025413587,0.01873,81192.375,3.5923812086414273
2026-09-20 20:11:08.668488026,-1517.1408025413587,0.01873,81178.755,3.3372786086415545
2026-09-20 20:11:08.668824673,-1517.1408025413587,0.01873,81178.755,3.3372786086415545
2026-09-20 20:11:48.562662363,-1517.1408025413587,0.01873,81191.13500000001,3.5691560086415848
2026-09-20 20:11:58.469679117,-1517.1408025413587,0.01873,81156.49,2.9202551586415666
2026-09-20 20:13:20.592828512,-1517.1408025413587,0.01873,81155.965,2.910421908641183
2026-09-20 20:13:49.123420238,-1517.1408025413587,0.01873,81155.72,2.905833058641292
2026-09-20 20:13:49.123752594,-1517.1408025413587,0.01873,81155.72,2.905833058641292
2026-09-20 20:14:28.779000044,-1517.1408025413587,0.01873,81154.015,2.873898408641253
2026-09-20 20:15:36.118927717,-1517.1408025413587,0.01873,81175.985,3.28539650864127
2026-09-20 20:15:36.119169712,-1517.1408025413587,0.01873,81175.985,3.28539650864127
2026-09-20 20:15:58.553383827,-1517.1408025413587,0.01873,81154.575,2.8843872086413285
2026-09-20 20:15:58.553544521,-1517.1408025413587,0.01873,81154.575,2.8843872086413285
2026-09-20 20:15:58.553683043,-1517.1408025413587,0.01873,81154.575,2.8843872086413285
2026-09-20 20:17:46.952491760,-1517.1408025413587,0.01873,81122.67499999999,2.2869002086411
2026-09-20 20:21:17.505696774,-1517.1408025413587,0.01873,81126.545,2.359385308641322
2026-09-20 20:22:06.513410091,-1517.1408025413587,0.01873,81130.905,2.4410481086413256
2026-09-20 20:22:06.513665198,-1251.0277289238973,0.01545,81130.905,2.4447533261027274
2026-09-20 20:22:06.513810872,-984.1033349600411,0.01216,81130.905,2.448469839958875
2026-09-20 20:22:06.513935327,477.0846088968126,-0.005850000000000001,81130.905,2.4688146468125183
2026-09-20 20:22:10.494255304,477.0846088968126,-0.005850000000000001,81140.2,2.4144388968125554
2026-09-20 20:23:02.057780504,477.0846088968126,-0.005850000000000001,81129.63,2.4762733968124735
2026-09-20 20:23:11.857393503,477.0846088968126,-0.005850000000000001,81137.67,2.429239396812534
2026-09-20 20:23:26.705433607,477.0846088968126,-0.005850000000000001,81150.695,2.3530431468124675
2026-09-20 20:24:08.002850771,477.0846088968126,-0.005850000000000001,81150.67499999999,2.35316014681257
2026-09-20 20:24:08.003056049,-1047.715348427547,0.01294,81150.67499999999,2.3743860724528076
2026-09-20 20:24:13.387341261,-1047.715348427547,0.01294,81147.4,2.3320075724529943
2026-09-20 20:24:13.387516975,-1047.715348427547,0.01294,81147.4,2.3320075724529943
2026-09-20 20:24:31.368705273,-1047.715348427547,0.01294,81147.155,2.328837272453029
2026-09-20 20:24:31.368964672,-1313.0628513564802,0.01621,81147.155,2.3325311935195714
2026-09-20 20:24:31.369107246,-1580.033274792624,0.0195,81147.155,2.3362477073758328
2026-09-20 20:25:15.391623259,-1580.033274792624,0.0195,81115.375,1.7165377073758918
2026-09-20 20:27:18.490896225,-1580.033274792624,0.0195,81132.455,2.0495977073760514
2026-09-20 20:27:18.491181612,-1580.033274792624,0.0195,81132.455,2.0495977073760514
2026-09-20 20:27:47.374075890,-1580.033274792624,0.0195,81146.015,2.314017707376024
2026-09-20 20:27:47.374302864,-1580.033274792624,0.0195,81146.015,2.314017707376024
2026-09-20 20:27:47.374420881,-1562.1809029719407,0.01928,81146.015,2.314266228059296
2026-09-20 20:27:47.374531984,-113.70437115740197,0.0014299999999999972,81146.015,2.3344302925978155
2026-09-20 20:28:07.328247070,-113.70437115740197,0.0014299999999999972,81154.095,2.34598469259781
2026-09-20 20:28:07.328425646,-113.70437115740197,0.0014299999999999972,81154.095,2.34598469259781
2026-09-20 20:30:01.624839783,698.1094252372975,-0.008570000000000003,81180.25,2.3946827372972166
2026-09-20 20:30:02.542453527,698.1094252372975,-0.008570000000000003,81173.565,2.451973187297199
2026-09-20 20:30:02.543523312,698.1094252372975,-0.008570000000000003,81173.565,2.451973187297199
2026-09-20 20:30:41.191680431,698.1094252372975,-0.008570000000000003,81163.745,2.5361305872972935
2026-09-20 20:30:41.191872597,698.1094252372975,-0.008570000000000003,81163.745,2.5361305872972935
2026-09-20 20:33:40.801674843,698.1094252372975,-0.008570000000000003,81132.495,2.8039430872972844
2026-09-20 20:34:32.159525633,698.1094252372975,-0.008570000000000003,81122.39,2.890542937297255
2026-09-20 20:39:06.247834206,698.1094252372975,-0.008570000000000003,81083.42499999999,3.224472987297304
2026-09-20 20:39:07.617372274,698.1094252372975,-0.008570000000000003,81108.495,3.0096230872973138
2026-09-20 20:39:07.617660522,790.5743973262933,-0.009710000000000003,81108.495,3.0109108762929964
2026-09-20 20:40:03.307748318,790.5743973262933,-0.009710000000000003,81147.065,2.6363961762929193
2026-09-20 20:40:44.405283928,790.5743973262933,-0.009710000000000003,81111.62,2.9805671262930673
2026-09-20 20:41:46.943829536,790.5743973262933,-0.009710000000000003,81120.015,2.89905167629297
2026-09-20 20:41:46.944031239,790.5743973262933,-0.009710000000000003,81120.015,2.89905167629297
2026-09-20 20:41:49.680549145,790.5743973262933,-0.009710000000000003,81120.01,2.899100226293058
2026-09-20 20:44:40.643932819,790.5743973262933,-0.009710000000000003,81139.745,2.7074733762930236
2026-09-20 20:44:40.644380569,790.5743973262933,-0.009710000000000003,81139.745,2.7074733762930236
2026-09-20 20:46:06.626257420,790.5743973262933,-0.009710000000000003,81149.12,2.616442126293009
2026-09-20 20:46:22.999782562,790.5743973262933,-0.009710000000000003,81169.16,2.421853726292966
2026-09-20 20:46:22.999978542,790.5743973262933,-0.009710000000000003,81169.16,2.421853726292966
2026-09-20 20:46:23.000163078,1196.4258455236431,-0.014710000000000004,81169.16,2.4275019236426942
2026-09-20 20:46:23.000280142,1463.4760984374993,-0.018000000000000006,81169.16,2.4312184374987282
2026-09-20 20:46:23.000372410,1728.902945558566,-0.021270000000000004,81169.16,2.434912358565498
2026-09-20 20:46:23.000489473,2715.1219646781256,-0.033420000000000005,81169.16,2.448637478124965
2026-09-20 20:46:23.000628710,2765.447544254597,-0.03404000000000001,81169.16,2.4493378545962514
2026-09-20 20:47:03.868565559,2765.447544254597,-0.03404000000000001,81231.625,0.32302925459634935
2026-09-20 20:47:06.507086991,2765.447544254597,-0.03404000000000001,81231.625,0.32302925459634935
2026-09-20 20:47:21.736192703,2844.181755204883,-0.035010000000000006,81168.16,2.4844736048821687
2026-09-20 20:47:21.736352682,3611.2315422978736,-0.044460000000000006,81168.16,2.4951486978729918
2026-09-20 20:47:22.537754536,3611.2315422978736,-0.044460000000000006,81157.4,2.973538297873347
2026-09-20 20:47:22.537949324,3611.2315422978736,-0.044460000000000006,81157.4,2.973538297873347
2026-09-20 20:47:24.915277719,3611.2315422978736,-0.044460000000000006,81157.32,2.977095097872734
2026-09-20 20:47:24.915595770,3611.2315422978736,-0.044460000000000006,81157.32,2.977095097872734
2026-09-20 20:47:26.892100811,3611.2315422978736,-0.044460000000000006,81157.245,2.9804295978733535
2026-09-20 20:47:26.892306328,3611.2315422978736,-0.044460000000000006,81157.245,2.9804295978733535
2026-09-20 20:47:26.892451286,3611.2315422978736,-0.044460000000000006,81157.245,2.9804295978733535
2026-09-20 20:47:44.371610880,3611.2315422978736,-0.044460000000000006,81141.975,3.6593337978729323
2026-09-20 20:47:46.147327185,3611.2315422978736,-0.044460000000000006,81137.85500000001,3.8425089978727556
2026-09-20 20:48:28.699977398,3611.2315422978736,-0.044460000000000006,81092.695,5.850322597872946
2026-09-20 20:50:43.581807613,3611.2315422978736,-0.044460000000000006,81135.98000000001,3.9258714978727767
2026-09-20 20:50:43.582176447,3611.2315422978736,-0.044460000000000006,81135.98000000001,3.9258714978727767
2026-09-20 20:50:43.582465887,3493.586009275105,-0.04301000000000001,81135.98000000001,3.9275094751037614
2026-09-20 20:52:12.046790361,3493.586009275105,-0.04301000000000001,81111.735,4.970286925104574
2026-09-20 20:52:12.152723551,3663.078843021597,-0.04510000000000001,81095.92,5.652851021596689
2026-09-20 20:52:12.442964792,3663.078843021597,-0.04510000000000001,81095.92,5.652851021596689
2026-09-20 20:52:12.651927233,3856.9007916599303,-0.04749000000000001,81095.92,5.655550859929463
2026-09-20 20:52:12.794181108,4060.469132504999,-0.05,81101.795,5.37938250499883
2026-09-20 20:53:36.977449656,4060.469132504999,-0.05,81095.665,5.685882504998972
2026-09-20 20:53:37.701129436,4060.469132504999,-0.05,81095.66,5.686132504998568
2026-09-20 20:53:37.701300621,4060.469132504999,-0.05,81095.66,5.686132504998568
2026-09-20 20:53:37.701406240,4060.469132504999,-0.05,81095.66,5.686132504998568
2026-09-20 20:55:04.864223957,4060.469132504999,-0.05,81085.565,6.190882504998626
2026-09-20 20:58:17.323191404,4060.469132504999,-0.05,81104.83499999999,5.227382504999241
2026-09-20 20:59:32.324487925,4060.469132504999,-0.05,81082.905,6.323882504998892
2026-09-20 21:01:40.002328396,4060.469132504999,-0.05,81072.595,6.839382504998866
2026-09-20 21:01:40.259495497,4060.469132504999,-0.05,81043.23999999999,8.307132504999117
2026-09-20 21:01:40.484342098,4060.469132504999,-0.05,81036.64499999999,8.636882504999448
2026-09-20 21:01:41.830138445,4060.469132504999,-0.05,81030.065,8.965882504998717
2026-09-20 21:01:45.882197142,4060.469132504999,-0.05,81026.285,9.154882504998568
2026-09-20 21:01:45.882445335,4060.469132504999,-0.05,81026.285,9.154882504998568
2026-09-20 21:02:02.857789278,4060.469132504999,-0.05,81020.005,9.468882504998419
2026-09-20 21:02:05.186618805,4060.469132504999,-0.05,81000.005,10.468882504998419
2026-09-20 21:02:13.142656326,4060.469132504999,-0.05,80962.215,12.3583825049991
2026-09-20 21:02:15.162209034,4060.469132504999,-0.05,80949.98999999999,12.969632504999026
2026-09-20 21:02:15.162593842,4060.469132504999,-0.05,80949.98999999999,12.969632504999026
2026-09-20 21:02:15.281221867,4060.469132504999,-0.05,80929.765,13.98088250499859
2026-09-20 21:02:15.281654119,4060.469132504999,-0.05,80929.765,13.98088250499859
2026-09-20 21:02:15.294110298,-4032.394403548007,0.05,80929.765,14.093846451993159
2026-09-20 21:02:15.381765366,-4032.394403548007,0.05,80929.765,14.093846451993159
2026-09-20 21:02:15.382003546,-4032.394403548007,0.05,80929.765,14.093846451993159
2026-09-20 21:02:16.197056055,-4032.394403548007,0.05,80901.85,12.698096451993479
2026-09-20 21:02:19.672888756,-4032.394403548007,0.05,80876.805,11.445846451992566
2026-09-20 21:02:19.673190355,-4025.115389430455,0.04991,80876.805,11.445948119544937
2026-09-20 21:02:25.712911129,-4025.115389430455,0.04991,80880.535,11.632112419545592
2026-09-20 21:03:02.151467800,-4025.115389430455,0.04991,80865.025,10.858008319545206
2026-09-20 21:03:03.513159751,-4025.115389430455,0.04991,80859.875,10.60097181954552
2026-09-20 21:03:03.583672762,-4025.115389430455,0.04991,80849.095,10.062942019545517
2026-09-20 21:03:03.583920240,-4025.115389430455,0.04991,80849.095,10.062942019545517
2026-09-20 21:03:03.712956429,-4025.115389430455,0.04991,80829.66500000001,9.093190719545873
2026-09-20 21:03:03.995564222,-4025.115389430455,0.04991,80800.64,7.644552969545202
2026-09-20 21:03:04.168464184,-4025.115389430455,0.04991,80800.005,7.61286011954553
2026-09-20 21:03:04.168706417,-1906.5096391835527,0.023690000000000003,80800.005,7.642479266447708
2026-09-20 21:03:04.508646488,-1906.5096391835527,0.023690000000000003,80800.005,7.642479266447708
2026-09-20 21:03:04.508939743,-1906.5096391835527,0.023690000000000003,80800.005,7.642479266447708
2026-09-20 21:03:04.859943628,-1871.7703349385806,0.023260000000000003,80787.95000000001,7.357382061419912
2026-09-20 21:03:05.304807901,-1871.7703349385806,0.023260000000000003,80778.0,7.125945061419543
2026-09-20 21:03:05.315674782,-2131.064088795882,0.026470000000000004,80778.0,7.129571204118292
2026-09-20 21:03:05.315920591,-2137.5262384247244,0.026550000000000004,80778.0,7.129661575275804
2026-09-20 21:03:05.395025492,-2402.399490807263,0.029830000000000002,80755.17000000001,6.527230292737386
2026-09-20 21:03:05.506648779,-2402.399490807263,0.029830000000000002,80737.975,6.014303442736946
2026-09-20 21:03:05.701553583,-2402.399490807263,0.029830000000000002,80734.425,5.9084069427372015
2026-09-20 21:03:06.560679674,-2402.399490807263,0.029830000000000002,80756.185,6.557507742737016
2026-09-20 21:03:09.707684517,-3877.516159090542,0.04809,80785.175,7.442906659458458
2026-09-20 21:03:10.588973522,-3877.516159090542,0.04809,80799.57500000001,8.135402659459032
2026-09-20 21:03:15.280203342,-3877.516159090542,0.04809,80789.08499999999,7.630938559457718
2026-09-20 21:03:16.523777485,-3877.516159090542,0.04809,80824.535,9.335729059458572
2026-09-20 21:03:16.523983954,-3877.516159090542,0.04809,80824.535,9.335729059458572
2026-09-20 21:03:20.621008873,-3889.642664644621,0.04824,80844.5,10.296015355378586
2026-09-20 21:03:25.079030991,-3889.642664644621,0.04824,80841.545,10.153466155378737
2026-09-20 21:03:35.155129671,-3889.642664644621,0.04824,80806.39499999999,8.45783015537836
2026-09-20 21:03:40.495666504,-3888.025850851832,0.04822,80839.56,10.057732348167974
2026-09-20 21:04:12.718318224,-3888.025850851832,0.04822,80847.545,10.442769048167975
2026-09-20 21:04:13.431503057,-3888.025850851832,0.04822,80831.045,9.647139048167901
2026-09-20 21:04:14.873886824,-3888.025850851832,0.04822,80814.39499999999,8.844276048167558
2026-09-20 21:04:54.666470051,-3888.025850851832,0.04822,80891.44,12.559385948168256
2026-09-20 21:05:44.811598063,-3888.025850851832,0.04822,80924.025,14.13063464816787
2026-09-20 21:06:04.719789505,-3888.025850851832,0.04822,80927.495,14.297958048167857
2026-09-20 21:06:35.291573763,-3939.825607882571,0.04886,80938.25,14.817287117428805
2026-09-20 21:06:47.953852177,-3939.825607882571,0.04886,80942.005,15.00075641742933
2026-09-20 21:06:47.954183102,-3939.825607882571,0.04886,80942.005,15.00075641742933
2026-09-20 21:06:58.559489727,-3939.825607882571,0.04886,80960.015,15.880725017429086
2026-09-20 21:07:45.670273066,-3939.825607882571,0.04886,80947.115,15.250431017429037
2026-09-20 21:08:40.223993301,-3939.825607882571,0.04886,80943.945,15.095544817429072
2026-09-20 21:08:52.798485279,-3939.825607882571,0.04886,80921.375,13.99277461742895
2026-09-20 21:08:55.651308775,-3939.825607882571,0.04886,80943.935,15.095056217428919
2026-09-20 21:09:01.935114384,-4032.0580435935753,0.05,80906.775,13.280706406424542
2026-09-20 21:09:01.935354471,-4032.0580435935753,0.05,80906.775,13.280706406424542
2026-09-20 21:09:20.768070936,-4032.0580435935753,0.05,80847.10500000001,10.297206406425175
2026-09-20 21:09:20.768386126,-4032.0580435935753,0.05,80847.10500000001,10.297206406425175
2026-09-20 21:10:07.216413498,-4032.0580435935753,0.05,80838.205,9.852206406425012
2026-09-20 21:10:27.151555538,-4024.786677676023,0.04991,80791.82500000001,7.533308073977878
2026-09-20 21:10:27.151761055,-4017.5153117584705,0.04982,80791.82500000001,7.5334097415302494
2026-09-20 21:10:31.446765900,-4017.5153117584705,0.04982,80798.815,7.8816515415296635
2026-09-20 21:10:32.563703060,-4017.5153117584705,0.04982,80799.32500000001,7.907059741530247
2026-09-20 21:10:49.907841682,-4017.5153117584705,0.04982,80769.555,6.4239183415293155
2026-09-20 21:10:58.721559286,-4017.5153117584705,0.04982,80769.045,6.398510141529641
2026-09-20 21:11:00.858428955,-4017.5153117584705,0.04982,80712.42499999999,3.5777017415293813
2026-09-20 21:11:00.858686209,-4017.5153117584705,0.04982,80712.42499999999,3.5777017415293813
2026-09-20 21:11:00.858812332,-4017.5153117584705,0.04982,80712.42499999999,3.5777017415293813
2026-09-20 21:11:18.014649153,-4015.900711365681,0.049800000000000004,80728.89000000001,4.398010634319689
2026-09-20 21:11:19.502478361,-4015.900711365681,0.049800000000000004,80734.305,4.667677634318807
2026-09-20 21:11:19.502818823,-4015.900711365681,0.049800000000000004,80734.305,4.667677634318807
2026-09-20 21:11:28.318283319,-4015.900711365681,0.049800000000000004,80669.13,1.421962634319243
2026-09-20 21:11:28.781030893,-4015.900711365681,0.049800000000000004,80631.38,-0.4579873656807649
2026-09-20 21:11:28.781246185,-3262.793071333032,0.04046,80631.38,-0.4474365330315777
2026-09-20 21:11:29.283504963,-3262.793071333032,0.04046,80631.975,-0.42336283303166056
2026-09-20 21:11:29.283887148,-3262.793071333032,0.04046,80631.975,-0.42336283303166056
2026-09-20 21:11:29.644856215,-3262.793071333032,0.04046,80631.975,-0.42336283303166056
2026-09-20 21:11:29.644976139,-3256.3424229618745,0.040380000000000006,80631.975,-0.42327246187369383
2026-09-20 21:11:34.073529959,-3256.3424229618745,0.040380000000000006,80613.595,-1.1654568618737358
2026-09-20 21:11:39.024888515,-3240.2050400339804,0.04018000000000001,80685.785,1.749801266020313
2026-09-20 21:11:55.486547232,-3240.2050400339804,0.04018000000000001,80647.16500000001,0.1980496660207791
2026-09-20 21:11:55.630917549,-3236.9798444484018,0.04014000000000001,80628.76000000001,-0.5414180484008284
2026-09-20 21:12:03.098859072,-3236.9798444484018,0.04014000000000001,80635.38500000001,-0.2754905484007395
2026-09-20 21:12:09.164127588,-3236.9798444484018,0.04014000000000001,80647.10500000001,0.19495025159949364
2026-09-20 21:12:11.894118309,-3236.9798444484018,0.04014000000000001,80630.8,-0.4595324484007506
2026-09-20 21:12:11.894396067,-3176.5058972187994,0.03939000000000001,80630.8,-0.45868521879856416
2026-09-20 21:12:12.899719238,-3176.5058972187994,0.03939000000000001,80647.32500000001,0.19223453120184786
2026-09-20 21:12:13.982620239,-3176.5058972187994,0.03939000000000001,80672.275,1.1750150312009282
2026-09-20 21:12:15.821179390,-3176.5058972187994,0.03939000000000001,80680.98000000001,1.5179049812018093
2026-09-20 21:12:22.977853298,-3176.5058972187994,0.03939000000000001,80680.9,1.5147537812008522
2026-09-20 21:12:22.978108406,-3176.5058972187994,0.03939000000000001,80680.9,1.5147537812008522
2026-09-20 21:12:22.978222609,-3176.5058972187994,0.03939000000000001,80680.9,1.5147537812008522
2026-09-20 21:12:29.532086611,-3176.5058972187994,0.03939000000000001,80657.685,0.6003149312009555
2026-09-20 21:13:18.169002533,-3176.5058972187994,0.03939000000000001,80688.33,1.8074214812013452
2026-09-20 21:13:48.842244864,-3176.5058972187994,0.03939000000000001,80681.39499999999,1.5342518312008906
2026-09-20 21:13:59.494611979,-3176.5058972187994,0.03939000000000001,80704.815,2.456765631201506
2026-09-20 21:14:26.908128262,-3176.5058972187994,0.03939000000000001,80750.005,4.236799731201245
2026-09-20 21:15:20.445931196,-3176.5058972187994,0.03939000000000001,80769.57500000001,5.007662031201562
2026-09-20 21:16:49.893541813,-3176.5058972187994,0.03939000000000001,80815.675,6.82354103120133
2026-09-20 21:17:29.312473774,-3176.5058972187994,0.03939000000000001,80831.015,7.427783631201237
2026-09-20 21:17:55.054493427,-3408.5061079535208,0.042260000000000006,80837.44,7.6841064464797455
2026-09-20 21:20:48.447617054,-3408.5061079535208,0.042260000000000006,80930.01000000001,11.596114646480146
2026-09-20 21:20:48.447881460,-3408.5061079535208,0.042260000000000006,80930.01000000001,11.596114646480146
2026-09-20 21:20:48.447992325,-3408.5061079535208,0.042260000000000006,80930.01000000001,11.596114646480146
2026-09-20 21:20:48.857434511,-3144.093745632454,0.038990000000000004,80858.92,8.595545167546334
2026-09-20 21:20:48.857856035,-2878.064182318598,0.0357,80858.92,8.599261681402368
2026-09-20 21:20:48.857997894,-2427.6737058267504,0.030130000000000004,80858.92,8.605553773249994
2026-09-20 21:20:49.265097380,-2427.6737058267504,0.030130000000000004,80869.58499999999,8.926890223249757
2026-09-20 21:21:34.652351379,-2427.6737058267504,0.030130000000000004,80821.235,7.470104723249733
2026-09-20 21:21:34.652578354,-2427.6737058267504,0.030130000000000004,80821.235,7.470104723249733
2026-09-20 21:22:10.569206953,-2427.6737058267504,0.030130000000000004,80817.13,7.346421073249985
2026-09-20 21:22:38.229182005,-2427.6737058267504,0.030130000000000004,80822.09,7.495865873249841
2026-09-20 21:22:38.229374647,-2427.6737058267504,0.030130000000000004,80822.09,7.495865873249841
2026-09-20 21:22:38.229500771,-2427.6737058267504,0.030130000000000004,80822.09,7.495865873249841
2026-09-20 21:25:38.576195955,-2427.6737058267504,0.030130000000000004,80828.525,7.689752423249956
2026-09-20 21:28:08.165964127,-2427.6737058267504,0.030130000000000004,80854.015,8.457766123249712
2026-09-20 21:28:08.166167259,-2427.6737058267504,0.030130000000000004,80854.015,8.457766123249712
2026-09-20 21:28:54.735102892,-2427.6737058267504,0.030130000000000004,80863.485,8.74309722325006
2026-09-20 21:30:53.899407864,-2427.6737058267504,0.030130000000000004,80875.275,9.098329923249821
2026-09-20 21:30:53.899842024,-2427.6737058267504,0.030130000000000004,80875.275,9.098329923249821
2026-09-20 21:34:07.404201269,-2427.6737058267504,0.030130000000000004,80915.985,10.324922223249814
2026-09-20 21:34:07.404392958,-2427.6737058267504,0.030130000000000004,80915.985,10.324922223249814
2026-09-20 21:34:07.404545307,-2427.6737058267504,0.030130000000000004,80915.985,10.324922223249814
2026-09-20 21:34:07.404796362,-4035.451881840482,0.05,80915.985,10.347368159517828
2026-09-20 21:34:07.405002832,-4035.451881840482,0.05,80915.985,10.347368159517828
2026-09-20 21:36:02.697987556,-4035.451881840482,0.05,80914.575,10.276868159518017
2026-09-20 21:36:02.698273420,-4035.451881840482,0.05,80914.575,10.276868159518017
2026-09-20 21:36:02.698456526,-4035.451881840482,0.05,80914.575,10.276868159518017
2026-09-20 21:36:02.698746681,-4035.451881840482,0.05,80914.575,10.276868159518017
2026-09-20 21:38:04.893474817,-4035.451881840482,0.05,80920.975,10.59686815951818
2026-09-20 21:38:04.893834591,-4035.451881840482,0.05,80920.975,10.59686815951818
2026-09-20 21:38:13.671145916,-4035.451881840482,0.05,80921.495,10.622868159517566
2026-09-20 21:38:13.671501398,-4035.451881840482,0.05,80921.495,10.622868159517566
2026-09-20 21:40:03.855936527,-4035.451881840482,0.05,80920.975,10.59686815951818
2026-09-20 21:40:04.515617132,-4035.451881840482,0.05,80920.975,10.59686815951818
2026-09-20 21:40:05.130800247,-4035.451881840482,0.05,80920.975,10.59686815951818
2026-09-20 21:40:05.137009144,-4035.451881840482,0.05,80920.975,10.59686815951818
2026-09-20 21:40:05.139816999,-4035.451881840482,0.05,80920.975,10.59686815951818
2026-09-20 21:40:05.143484116,-4035.451881840482,0.05,80920.975,10.59686815951818
2026-09-20 21:40:05.252029418,-4035.451881840482,0.05,80920.975,10.59686815951818
2026-09-20 21:40:05.264783859,-4035.451881840482,0.05,80920.975,10.59686815951818
2026-09-20 21:40:05.376712084,-4035.451881840482,0.05,80920.975,10.59686815951818
2026-09-20 21:40:05.380182505,-4035.451881840482,0.05,80920.975,10.59686815951818
2026-09-20 21:40:05.604237080,-4035.451881840482,0.05,80920.975,10.59686815951818
2026-09-20 21:40:05.685675859,-4035.451881840482,0.05,80920.975,10.59686815951818
2026-09-20 21:40:05.714705229,-4035.451881840482,0.05,80920.975,10.59686815951818
2026-09-20 21:40:05.743953228,-4035.451881840482,0.05,80920.975,10.59686815951818
2026-09-20 21:40:05.744324684,-4035.451881840482,0.05,80920.975,10.59686815951818
2026-09-20 21:40:06.269712210,-3853.448482651675,0.04775,80889.27,9.014159848325107
2026-09-20 21:40:07.160407543,-3853.448482651675,0.04775,80881.495,8.642903598324665
2026-09-20 21:40:21.877720118,-3853.448482651675,0.04775,80876.225,8.39126109832523
2026-09-20 21:40:39.670930624,-3853.448482651675,0.04775,80881.485,8.642426098324904
2026-09-20 21:41:07.026345968,-3853.448482651675,0.04775,80881.485,8.642426098324904
2026-09-20 21:41:07.712395668,-3853.448482651675,0.04775,80881.485,8.642426098324904
2026-09-20 21:41:09.285674095,-3853.448482651675,0.04775,80881.485,8.642426098324904
2026-09-20 21:41:10.307453394,-3853.448482651675,0.04775,80881.485,8.642426098324904
2026-09-20 21:41:11.406528950,-3853.448482651675,0.04775,80881.485,8.642426098324904
2026-09-20 21:42:09.859538794,-3753.1769618987323,0.04651,80863.0,7.761168101267685
2026-09-20 21:42:09.912758589,-3593.8864760589763,0.04454,80856.985,7.483635841023897
2026-09-20 21:42:59.781086922,-3593.8864760589763,0.04454,80849.33499999999,7.142904841023665
2026-09-20 21:43:19.310548544,-3593.8864760589763,0.04454,80847.965,7.081885041023725
2026-09-20 21:43:43.969749689,-3593.8864760589763,0.04454,80828.47,6.2135777410239825
2026-09-20 21:43:48.939009190,-3593.8864760589763,0.04454,80828.475,6.213800441023977
2026-09-20 21:44:45.868065357,-3593.8864760589763,0.04454,80796.785,4.80232784102418
2026-09-20 21:44:45.868362427,-3593.8864760589763,0.04454,80796.785,4.80232784102418
2026-09-20 21:44:48.846986055,-3593.8864760589763,0.04454,80796.785,4.80232784102418
2026-09-20 21:45:13.628304720,-3593.8864760589763,0.04454,80796.785,4.80232784102418
2026-09-20 21:45:13.909497023,-3593.8864760589763,0.04454,80796.785,4.80232784102418
2026-09-20 21:45:14.240835667,-3593.8864760589763,0.04454,80796.785,4.80232784102418
2026-09-20 21:45:14.268250465,-3593.8864760589763,0.04454,80796.785,4.80232784102418
2026-09-20 21:45:14.975909233,-3593.8864760589763,0.04454,80796.785,4.80232784102418
2026-09-20 21:45:14.979675531,-3593.8864760589763,0.04454,80796.785,4.80232784102418
2026-09-20 21:45:15.363003969,-3593.8864760589763,0.04454,80796.785,4.80232784102418
2026-09-20 21:45:15.369879007,-3593.8864760589763,0.04454,80796.785,4.80232784102418
2026-09-20 21:45:15.858513832,-3593.8864760589763,0.04454,80796.785,4.80232784102418
2026-09-20 21:45:16.125474215,-3593.8864760589763,0.04454,80796.785,4.80232784102418
2026-09-20 21:45:16.254087210,-3593.8864760589763,0.04454,80796.785,4.80232784102418
2026-09-20 21:45:16.758675098,-3593.8864760589763,0.04454,80796.785,4.80232784102418
2026-09-20 21:45:16.808965445,-3593.8864760589763,0.04454,80796.785,4.80232784102418
2026-09-20 21:45:17.718650103,-3593.8864760589763,0.04454,80796.785,4.80232784102418
2026-09-20 21:45:17.718948841,-3593.8864760589763,0.04454,80796.785,4.80232784102418
2026-09-20 21:45:17.808049440,-3593.8864760589763,0.04454,80796.785,4.80232784102418
2026-09-20 21:45:18.640474081,-3593.8864760589763,0.04454,80796.785,4.80232784102418
2026-09-20 21:45:18.806145430,-3593.8864760589763,0.04454,80796.785,4.80232784102418
2026-09-20 21:45:18.810500860,-3593.8864760589763,0.04454,80796.785,4.80232784102418
2026-09-20 21:45:19.767359018,-3593.8864760589763,0.04454,80796.785,4.80232784102418
2026-09-20 21:45:20.383540392,-3593.8864760589763,0.04454,80796.785,4.80232784102418
2026-09-20 21:45:20.383789778,-3593.8864760589763,0.04454,80796.785,4.80232784102418
2026-09-20 21:45:20.385409117,-3593.8864760589763,0.04454,80796.785,4.80232784102418
2026-09-20 21:45:20.759803534,-3593.8864760589763,0.04454,80796.785,4.80232784102418
2026-09-20 21:45:20.865831375,-3593.8864760589763,0.04454,80796.785,4.80232784102418
2026-09-20 21:45:21.515723944,-3593.8864760589763,0.04454,80796.785,4.80232784102418
2026-09-20 21:45:21.516043425,-3593.8864760589763,0.04454,80796.785,4.80232784102418
2026-09-20 21:45:21.809571266,-3593.8864760589763,0.04454,80796.785,4.80232784102418
2026-09-20 21:45:21.933491230,-3593.8864760589763,0.04454,80796.785,4.80232784102418
2026-09-20 21:45:22.545053959,-3593.8864760589763,0.04454,80796.785,4.80232784102418
2026-09-20 21:45:22.550232649,-3593.8864760589763,0.04454,80796.785,4.80232784102418
2026-09-20 21:45:22.816815376,-3593.8864760589763,0.04454,80796.785,4.80232784102418
2026-09-20 21:45:23.183200836,-3593.8864760589763,0.04454,80796.785,4.80232784102418
2026-09-20 21:45:23.591145039,-3593.8864760589763,0.04454,80796.785,4.80232784102418
2026-09-20 21:45:23.702010870,-3593.8864760589763,0.04454,80796.785,4.80232784102418
2026-09-20 21:45:23.729089022,-3593.8864760589763,0.04454,80796.785,4.80232784102418
2026-09-20 21:45:23.869274139,-3593.8864760589763,0.04454,80796.785,4.80232784102418
2026-09-20 21:45:24.779354811,-3593.8864760589763,0.04454,80796.785,4.80232784102418
2026-09-20 21:45:24.841271400,-3593.8864760589763,0.04454,80796.785,4.80232784102418
2026-09-20 21:45:25.358994007,-3593.8864760589763,0.04454,80796.785,4.80232784102418
2026-09-20 21:45:25.859644175,-3593.8864760589763,0.04454,80796.785,4.80232784102418
2026-09-20 21:45:25.864469767,-3593.8864760589763,0.04454,80796.785,4.80232784102418
2026-09-20 21:45:26.525024652,-3593.8864760589763,0.04454,80796.785,4.80232784102418
2026-09-20 21:45:26.822238207,-3593.8864760589763,0.04454,80796.785,4.80232784102418
2026-09-20 21:45:27.340729237,-3593.8864760589763,0.04454,80796.785,4.80232784102418
2026-09-20 21:45:27.849910975,-3593.8864760589763,0.04454,80796.785,4.80232784102418
2026-09-20 21:45:27.850486279,-3593.8864760589763,0.04454,80796.785,4.80232784102418
2026-09-20 21:45:28.570900917,-3593.8864760589763,0.04454,80796.785,4.80232784102418
2026-09-20 21:45:28.888259649,-3593.8864760589763,0.04454,80796.785,4.80232784102418
2026-09-20 21:45:29.229436159,-3593.8864760589763,0.04454,80796.785,4.80232784102418
2026-09-20 21:45:29.236244202,-3593.8864760589763,0.04454,80796.785,4.80232784102418
2026-09-20 21:45:29.243139267,-3593.8864760589763,0.04454,80796.785,4.80232784102418
2026-09-20 21:45:29.466941833,-3593.8864760589763,0.04454,80796.785,4.80232784102418
2026-09-20 21:45:29.473115921,-3593.8864760589763,0.04454,80796.785,4.80232784102418
2026-09-20 21:45:29.614675283,-3593.8864760589763,0.04454,80796.785,4.80232784102418
2026-09-20 21:45:29.735410690,-3593.8864760589763,0.04454,80796.785,4.80232784102418
2026-09-20 21:45:29.842265606,-3593.8864760589763,0.04454,80796.785,4.80232784102418
2026-09-20 21:45:29.847314835,-3593.8864760589763,0.04454,80796.785,4.80232784102418
2026-09-20 21:45:29.954491854,-3593.8864760589763,0.04454,80796.785,4.80232784102418
2026-09-20 21:45:30.126070499,-3593.8864760589763,0.04454,80796.785,4.80232784102418
2026-09-20 21:45:30.314313412,-3593.8864760589763,0.04454,80796.785,4.80232784102418
2026-09-20 21:45:30.371285200,-3593.8864760589763,0.04454,80796.785,4.80232784102418
2026-09-20 21:45:30.406495571,-3593.8864760589763,0.04454,80796.785,4.80232784102418
2026-09-20 21:45:30.449669838,-3593.8864760589763,0.04454,80796.785,4.80232784102418
2026-09-20 21:45:30.528535365,-3593.8864760589763,0.04454,80796.785,4.80232784102418
2026-09-20 21:45:30.562875986,-3593.8864760589763,0.04454,80796.785,4.80232784102418
2026-09-20 21:45:30.583797932,-3593.8864760589763,0.04454,80796.785,4.80232784102418
2026-09-20 21:45:30.890767813,-3593.8864760589763,0.04454,80796.785,4.80232784102418
2026-09-20 21:45:31.393622637,-3593.8864760589763,0.04454,80796.785,4.80232784102418
2026-09-20 21:45:31.395519733,-3593.8864760589763,0.04454,80796.785,4.80232784102418
2026-09-20 21:45:32.367677927,-3593.8864760589763,0.04454,80803.255,5.090501641024275
2026-09-20 21:45:33.084233284,-3795.151198304416,0.04703,80831.465,6.352600645584062
2026-09-20 21:45:33.759024620,-3795.151198304416,0.04703,80832.47,6.399865795583992
2026-09-20 21:45:33.759287596,-3919.6297228148487,0.04857,80832.47,6.403345085151614
2026-09-20 21:45:47.173893213,-3919.6297228148487,0.04857,80843.85500000001,6.95631453515216
2026-09-20 21:46:02.772074938,-3919.6297228148487,0.04857,80875.095,8.47364133515157
2026-09-20 21:46:02.772253752,-4035.2778778959646,0.05,80875.095,8.476872104035465
2026-09-20 21:46:02.772359610,-4035.2778778959646,0.05,80875.095,8.476872104035465
2026-09-20 21:46:03.429795504,-4035.2778778959646,0.05,80871.92,8.31812210403541
2026-09-20 21:46:03.429990292,-4035.2778778959646,0.05,80871.92,8.31812210403541
2026-09-20 21:46:16.376121759,-4035.2778778959646,0.05,80867.51999999999,8.098122104035156
2026-09-20 21:46:16.376317978,-3808.842495914933,0.047200000000000006,80867.51999999999,8.104448085066906
2026-09-20 21:46:42.303623915,-3808.842495914933,0.047200000000000006,80901.225,9.695324085068023
2026-09-20 21:46:44.970649958,-3808.842495914933,0.047200000000000006,80900.035,9.639156085067953
2026-09-20 21:46:44.970933676,-3808.842495914933,0.047200000000000006,80900.035,9.639156085067953
2026-09-20 21:46:45.894963980,-3808.842495914933,0.047200000000000006,80899.20000000001,9.599744085068323
2026-09-20 21:46:45.895099401,-3808.842495914933,0.047200000000000006,80899.20000000001,9.599744085068323
2026-09-20 21:47:23.160545588,-3808.842495914933,0.047200000000000006,80884.055,8.88490008506733
2026-09-20 21:47:23.775928974,-3808.842495914933,0.047200000000000006,80884.055,8.88490008506733
2026-09-20 21:47:34.130169153,-3808.842495914933,0.047200000000000006,80884.055,8.88490008506733
2026-09-20 21:47:45.789265394,-3808.842495914933,0.047200000000000006,80884.055,8.88490008506733
2026-09-20 21:48:08.010627985,-3808.842495914933,0.047200000000000006,80895.11,9.406696085067779
2026-09-20 21:48:08.010870695,-3808.842495914933,0.047200000000000006,80895.11,9.406696085067779
2026-09-20 21:48:30.061884880,-3808.842495914933,0.047200000000000006,80914.515,10.322612085067703
2026-09-20 21:48:30.062342405,-3808.842495914933,0.047200000000000006,80914.515,10.322612085067703
2026-09-20 21:49:56.319916964,-3808.842495914933,0.047200000000000006,80933.305,11.209500085067248
2026-09-20 21:49:56.320173264,-3808.842495914933,0.047200000000000006,80933.305,11.209500085067248
2026-09-20 21:53:55.046097517,-3808.842495914933,0.047200000000000006,80899.15,9.59738408506746
2026-09-20 21:53:55.046334267,-3808.842495914933,0.047200000000000006,80899.15,9.59738408506746
2026-09-20 21:53:56.593808889,-3808.842495914933,0.047200000000000006,80899.405,9.60942008506754
2026-09-20 21:53:56.593997478,-3808.842495914933,0.047200000000000006,80899.405,9.60942008506754
2026-09-20 21:53:56.594128847,-3808.842495914933,0.047200000000000006,80899.405,9.60942008506754
2026-09-20 21:54:33.260480881,-3808.842495914933,0.047200000000000006,80911.595,10.184788085067794
2026-09-20 21:55:06.304875612,-3808.842495914933,0.047200000000000006,80956.185,12.289436085067337
2026-09-20 21:55:09.292230129,-3808.842495914933,0.047200000000000006,80909.515,10.086612085067372
2026-09-20 21:55:10.812060356,-3808.842495914933,0.047200000000000006,80876.39499999999,8.523348085067028
2026-09-20 21:55:11.851442575,-3808.842495914933,0.047200000000000006,80868.38,8.145040085067649
2026-09-20 21:55:11.851626396,-3808.842495914933,0.047200000000000006,80868.38,8.145040085067649
2026-09-20 21:55:32.280714750,-3816.120228529828,0.047290000000000006,80865.95499999999,8.030783420171701
2026-09-20 21:59:57.781132698,-3808.8364723447235,0.047200000000000006,80928.36499999999,10.982355655276479
2026-09-20 22:00:17.866266012,-3808.8364723447235,0.047200000000000006,80969.86499999999,12.941155655276361
2026-09-20 22:00:23.647329092,-3801.5477004596187,0.047110000000000006,80984.095,13.613014990381998
2026-09-20 22:00:23.647513628,-3799.92797337404,0.04709000000000001,80984.095,13.613060175960527
2026-09-20 22:00:24.522077083,-3799.92797337404,0.04709000000000001,80989.555,13.870171575960285
2026-09-20 22:00:34.727947950,-3799.92797337404,0.04709000000000001,80989.625,13.873467875960614
2026-09-20 22:00:46.340640306,-3799.92797337404,0.04709000000000001,80968.16500000001,12.862916475960901
2026-09-20 22:01:04.262297630,-3799.92797337404,0.04709000000000001,80994.725,14.113626875961018
2026-09-20 22:01:20.979480505,-3799.92797337404,0.04709000000000001,80934.6,11.282340625960842
2026-09-20 22:01:20.979687214,-3799.92797337404,0.04709000000000001,80934.6,11.282340625960842
2026-09-20 22:01:29.389066458,-3799.92797337404,0.04709000000000001,80921.195,10.651099175961008
2026-09-20 22:01:51.213859081,-3799.92797337404,0.04709000000000001,80824.495,6.097496175960259
2026-09-20 22:02:05.185745001,-3799.92797337404,0.04709000000000001,80802.265,5.050685475960563
2026-09-20 22:02:05.930860758,-3799.92797337404,0.04709000000000001,80786.795,4.322203175960567
2026-09-20 22:02:05.931088686,-3799.92797337404,0.04709000000000001,80786.795,4.322203175960567
2026-09-20 22:02:08.258212565,-3799.92797337404,0.04709000000000001,80782.60500000001,4.12489607596126
2026-09-20 22:02:16.693881035,-3799.92797337404,0.04709000000000001,80871.945,8.33191667596111
2026-09-20 22:02:16.694033861,-3799.92797337404,0.04709000000000001,80871.945,8.33191667596111
2026-09-20 22:02:16.798160076,-3799.92797337404,0.04709000000000001,80897.215,9.521880975960357
2026-09-20 22:02:17.189341068,-3799.92797337404,0.04709000000000001,80905.445,9.90943167596106
2026-09-20 22:02:37.683554888,-3799.92797337404,0.04709000000000001,80893.965,9.368838475960274
2026-09-20 22:03:44.881766081,-3799.92797337404,0.04709000000000001,80915.815,10.397754975960652
2026-09-20 22:04:25.820624590,-3799.92797337404,0.04709000000000001,80891.435,9.249700775960264
2026-09-20 22:04:25.820937872,-3799.92797337404,0.04709000000000001,80891.435,9.249700775960264
2026-09-20 22:04:33.988276482,-3799.92797337404,0.04709000000000001,80863.625,7.94012787596057
2026-09-20 22:05:25.352525473,-3799.92797337404,0.04709000000000001,80922.755,10.724559575960939
2026-09-20 22:05:55.554047346,-3799.92797337404,0.04709000000000001,80940.705,11.56982507596058
2026-09-20 22:05:56.062068224,-3799.92797337404,0.04709000000000001,80940.705,11.56982507596058
2026-09-20 22:07:05.992987156,-3792.6417381389356,0.04700000000000001,80955.91,12.286031861065112
2026-09-20 22:07:12.468322754,-3792.6417381389356,0.04700000000000001,80978.89499999999,13.366326861064408
2026-09-20 22:07:12.468526125,-3792.6417381389356,0.04700000000000001,80978.89499999999,13.366326861064408
2026-09-20 22:07:16.777131557,-3792.6417381389356,0.04700000000000001,80999.995,14.3580268610649
2026-09-20 22:07:18.243041515,-3792.6417381389356,0.04700000000000001,81025.715,15.566866861064682
2026-09-20 22:07:18.243307352,-3792.6417381389356,0.04700000000000001,81025.715,15.566866861064682
2026-09-20 22:07:19.144101143,-3792.6417381389356,0.04700000000000001,81024.315,15.501066861065283
2026-09-20 22:07:45.215677500,-3792.6417381389356,0.04700000000000001,81049.425,16.681236861064917
2026-09-20 22:07:45.825751543,-3792.6417381389356,0.04700000000000001,81048.905,16.656796861064777
2026-09-20 22:07:45.825944901,-3526.793919304013,0.04372000000000001,81048.905,16.66420729598758
2026-09-20 22:07:45.826048613,-3260.94610046909,0.04044000000000001,81048.905,16.67161773091084
2026-09-20 22:07:45.857137442,-1213.593690783069,0.01518000000000001,81048.905,16.728687116931724
2026-09-20 22:08:02.172763586,-1213.593690783069,0.01518000000000001,81037.485,16.5553315169318
2026-09-20 22:08:07.352511168,-1213.593690783069,0.01518000000000001,81001.795,16.013557316931838
2026-09-20 22:08:27.823699713,-1213.593690783069,0.01518000000000001,81037.315,16.552750916931927
2026-09-20 22:08:52.020540953,-1213.593690783069,0.01518000000000001,81036.755,16.544250116931835
2026-09-20 22:08:52.020717144,-1213.593690783069,0.01518000000000001,81036.755,16.544250116931835
2026-09-20 22:08:52.581130266,-1193.335565963334,0.01493000000000001,81030.23999999999,16.445917236666673
2026-09-20 22:09:26.499728918,-1193.335565963334,0.01493000000000001,81121.685,17.811191086666895
2026-09-20 22:09:31.179158688,-1193.335565963334,0.01493000000000001,81125.91,17.87427033666677
2026-09-20 22:09:32.886913776,-1193.335565963334,0.01493000000000001,81129.625,17.929735286666755
2026-09-20 22:09:33.794760227,-1193.335565963334,0.01493000000000001,81129.6,17.929362036666816
2026-09-20 22:09:38.972031832,-1193.335565963334,0.01493000000000001,81129.91500000001,17.934064986666954
2026-09-20 22:09:39.315904140,-1193.335565963334,0.01493000000000001,81138.725,18.065598286666955
2026-09-20 22:09:39.453401566,-1193.335565963334,0.01493000000000001,81147.525,18.196982286666753
2026-09-20 22:09:41.234279871,-1193.335565963334,0.01493000000000001,81170.535,18.540521586666955
2026-09-20 22:09:41.234540224,-1193.335565963334,0.01493000000000001,81170.535,18.540521586666955
2026-09-20 22:09:43.783481836,-1193.335565963334,0.01493000000000001,81171.045,18.54813588666684
2026-09-20 22:09:43.783674002,-1165.7366425084945,0.01459000000000001,81171.045,18.548904041506148
2026-09-20 22:09:47.068741083,-1165.7366425084945,0.01459000000000001,81185.58499999999,18.761042641506265
2026-09-20 22:09:47.068991899,-1241.2371354290804,0.01552000000000001,81185.58499999999,18.76314377092035
2026-09-20 22:09:47.092032194,-1241.2371354290804,0.01552000000000001,81185.58499999999,18.76314377092035
2026-09-20 22:09:52.310175896,-1241.2371354290804,0.01552000000000001,81158.025,18.335412570920425
2026-09-20 22:09:52.813030720,-1241.2371354290804,0.01552000000000001,81158.155,18.33743017092047
2026-09-20 22:09:52.813379526,-1180.3668247198755,0.014770000000000009,81158.155,18.339124630125298
2026-09-20 22:10:05.314068794,-1180.3668247198755,0.014770000000000009,81162.005,18.395989130125372
2026-09-20 22:10:05.528126717,-1173.0614640347708,0.014680000000000009,81168.41500000001,18.49086816523004
2026-09-20 22:10:11.783177376,-1173.0614640347708,0.014680000000000009,81187.345,18.768760565229968
2026-09-20 22:10:43.713147402,-1173.0614640347708,0.014680000000000009,81189.045,18.793716565229943
2026-09-20 22:11:44.644674301,-1173.0614640347708,0.014680000000000009,81185.17499999999,18.73690496522977
2026-09-20 22:11:49.020948887,-1173.0614640347708,0.014680000000000009,81185.17499999999,18.73690496522977
2026-09-20 22:11:50.438584328,-1173.0614640347708,0.014680000000000009,81199.995,18.95446256522996
2026-09-20 22:11:53.764498234,-1180.3718058996662,0.014770000000000009,81228.28,19.369889700334397
2026-09-20 22:12:00.324559450,-1180.3718058996662,0.014770000000000009,81221.07500000001,19.263471850334554
2026-09-20 22:12:01.612216473,-1180.3718058996662,0.014770000000000009,81221.07500000001,19.263471850334554
2026-09-20 22:12:07.707195044,-1176.3108281857192,0.014720000000000009,81217.295,19.207754214281522
2026-09-20 22:12:09.010080099,-1176.3108281857192,0.014720000000000009,81235.035,19.468887014281563
2026-09-20 22:12:09.301114082,-1176.3108281857192,0.014720000000000009,81248.95999999999,19.67386301428155
2026-09-20 22:12:20.367192984,-1176.3108281857192,0.014720000000000009,81281.725,20.156163814281626
2026-09-20 22:12:20.440150738,-1176.3108281857192,0.014720000000000009,81281.725,20.156163814281626
2026-09-20 22:12:26.130187749,-1176.3108281857192,0.014720000000000009,81261.965,19.865296614281533
2026-09-20 22:12:26.130399704,-1176.3108281857192,0.014720000000000009,81261.965,19.865296614281533
2026-09-20 22:12:26.130524635,-2647.1115017369075,0.03282000000000001,81261.965,19.906189563092994
2026-09-20 22:12:30.848286152,-2647.1115017369075,0.03282000000000001,81259.955,19.840221363093406
2026-09-20 22:12:53.871755123,-2647.1115017369075,0.03282000000000001,81239.065,19.154611563093113
2026-09-20 22:12:58.198537827,-2647.1115017369075,0.03282000000000001,81263.475,19.955747763093314
2026-09-20 22:13:14.724781752,-2647.1115017369075,0.03282000000000001,81236.965,19.085689563093183
2026-09-20 22:13:31.435722828,-2647.1115017369075,0.03282000000000001,81281.995,20.563574163093108
2026-09-20 22:13:31.436064243,-2647.1115017369075,0.03282000000000001,81281.995,20.563574163093108
2026-09-20 22:13:31.436277390,-2647.1115017369075,0.03282000000000001,81281.995,20.563574163093108
2026-09-20 22:13:31.436448097,-4043.49736142472,0.05,81281.995,20.602388575279747
2026-09-20 22:13:35.310525894,-4043.49736142472,0.05,81268.495,19.92738857528002
2026-09-20 22:13:35.310734987,-4043.49736142472,0.05,81268.495,19.92738857528002
2026-09-20 22:13:49.983141422,-4043.49736142472,0.05,81277.97,20.40113857528013
2026-09-20 22:14:01.253487110,-3550.0286123515552,0.043930000000000004,81294.075,21.22010239844485
2026-09-20 22:14:02.085328341,-3550.0286123515552,0.043930000000000004,81300.535,21.503890198445333
2026-09-20 22:14:18.254045010,-3815.7972434094218,0.047200000000000006,81277.07,20.48046059057924
2026-09-20 22:14:40.576965094,-3815.7972434094218,0.047200000000000006,81261.715,19.755704590578716
2026-09-20 22:14:54.501230478,-3815.7972434094218,0.047200000000000006,81264.405,19.88267259057875
2026-09-20 22:14:56.366135120,-3815.7972434094218,0.047200000000000006,81264.405,19.88267259057875
2026-09-20 22:15:09.447476387,-3815.7972434094218,0.047200000000000006,81286.265,20.91446459057852
2026-09-20 22:15:22.144664049,-3815.7972434094218,0.047200000000000006,81245.255,18.978792590578905
2026-09-20 22:15:22.145149708,-3723.1750771314305,0.046060000000000004,81245.255,18.981368168570043
2026-09-20 22:15:36.417562008,-3723.1750771314305,0.046060000000000004,81239.41500000001,18.71237776857015
2026-09-20 22:15:57.991838217,-3723.1750771314305,0.046060000000000004,81165.185,15.293343968569843
2026-09-20 22:17:22.227241039,-3723.1750771314305,0.046060000000000004,81191.155,16.489522168569692
2026-09-20 22:17:22.227522135,-3723.1750771314305,0.046060000000000004,81191.155,16.489522168569692
2026-09-20 22:17:35.840969801,-3723.1750771314305,0.046060000000000004,81165.92499999999,15.327428368569144
2026-09-20 22:18:50.180251837,-3723.1750771314305,0.046060000000000004,81150.14,14.600371268569688
2026-09-20 22:22:18.203341722,-3723.1750771314305,0.046060000000000004,81116.01,13.028343468569346
2026-09-20 22:23:04.702053070,-3723.1750771314305,0.046060000000000004,81130.01,13.673183468569732
2026-09-20 22:23:04.702291965,-3723.1750771314305,0.046060000000000004,81130.01,13.673183468569732
2026-09-20 22:23:04.702438116,-4042.8184149724075,0.05,81130.01,13.68208502759262
2026-09-20 22:23:04.702579260,-4042.8184149724075,0.05,81130.01,13.68208502759262
2026-09-20 22:23:04.702741623,-4042.8184149724075,0.05,81130.01,13.68208502759262
2026-09-20 22:23:04.702902079,-4042.8184149724075,0.05,81130.01,13.68208502759262
2026-09-20 22:23:04.703085423,-4042.8184149724075,0.05,81130.01,13.68208502759262
2026-09-20 22:23:41.578171730,-4027.405959959409,0.04981,81115.92499999999,12.978264290590687
2026-09-20 22:23:55.894839525,-4027.405959959409,0.04981,81105.92499999999,12.480164290590437
2026-09-20 22:27:17.173877478,-4022.5381540026724,0.04975,81127.84,13.571885997327627
2026-09-20 22:28:37.825974703,-4022.5381540026724,0.04975,81129.93,13.675863497327555
2026-09-20 22:35:48.810364962,-4022.5381540026724,0.04975,81167.545,15.547209747327543
2026-09-20 22:35:57.471700907,-4022.5381540026724,0.04975,81193.34,16.830510997327565
2026-09-20 22:35:57.471986294,-4022.5381540026724,0.04975,81193.34,16.830510997327565
2026-09-20 22:35:57.472113848,-2552.8978070538606,0.03165,81193.34,16.871403946139253
2026-09-20 22:36:03.678944349,-2552.8978070538606,0.03165,81187.42499999999,16.684194196138833
2026-09-20 22:36:12.695918560,-2552.8978070538606,0.03165,81181.98999999999,16.512176446139165
2026-09-20 22:36:31.764855862,-2549.650878282703,0.03161,81170.95999999999,16.163167317296484
2026-09-20 22:37:14.751792192,-2549.650878282703,0.03161,81176.83,16.34871801729696
2026-09-20 22:37:14.752544403,-2549.650878282703,0.03161,81176.83,16.34871801729696
2026-09-20 22:37:53.355618238,-2549.650878282703,0.03161,81189.5,16.749216717296804
2026-09-20 22:38:12.546108246,-2549.650878282703,0.03161,81189.495,16.749058667296595
2026-09-20 22:38:12.546420336,-2280.9061716194124,0.0283,81189.495,16.75653688058719
2026-09-20 22:38:12.546587467,-2014.5972175844895,0.02502,81189.495,16.76394731551045
2026-09-20 22:38:12.546754599,-565.3244037054126,0.007169999999999999,81189.495,16.804275444587347
2026-09-20 22:39:07.299579382,-565.3244037054126,0.007169999999999999,81199.995,16.879560444587355
2026-09-20 22:39:08.385746479,-565.3244037054126,0.007169999999999999,81199.995,16.879560444587355
2026-09-20 22:39:09.725464821,-565.3244037054126,0.007169999999999999,81199.995,16.879560444587355
2026-09-20 22:39:10.993479729,-565.3244037054126,0.007169999999999999,81199.995,16.879560444587355
2026-09-20 22:39:16.627451658,-572.6346686203079,0.007259999999999999,81227.425,17.076436879691983
2026-09-20 22:39:16.627728462,-741.583013320113,0.00934,81227.425,17.08113617988704
2026-09-20 22:40:04.621210575,-741.583013320113,0.00934,81250.0,17.29198667988703
2026-09-20 22:40:04.621419430,-741.583013320113,0.00934,81250.0,17.29198667988703
2026-09-20 22:40:06.037150621,-741.583013320113,0.00934,81237.83499999999,17.178365579886872
2026-09-20 22:40:07.562434196,-741.583013320113,0.00934,81237.605,17.176217379886907
2026-09-20 22:40:07.562630177,-741.583013320113,0.00934,81237.605,17.176217379886907
2026-09-20 22:40:10.627692461,-741.583013320113,0.00934,81231.605,17.120177379886968
2026-09-20 22:40:10.627891541,-741.583013320113,0.00934,81231.605,17.120177379886968
2026-09-20 22:40:38.994827271,-741.583013320113,0.00934,81188.88500000001,16.721172579887025
2026-09-20 22:40:42.213835716,-741.583013320113,0.00934,81169.215,16.537454779886957
2026-09-20 22:40:42.214035988,-741.583013320113,0.00934,81169.215,16.537454779886957
2026-09-20 22:41:07.814727068,-741.583013320113,0.00934,81159.82500000001,16.449752179887128
2026-09-20 22:42:25.535136222,-741.583013320113,0.00934,81197.89499999999,16.805325979886902
2026-09-20 22:43:39.637484789,-741.583013320113,0.00934,81133.82500000001,16.206912179887127
2026-09-20 22:43:39.637684822,-718.8649097220098,0.009059999999999999,81133.82500000001,16.20754477799028
2026-09-20 22:44:45.526928902,-718.8649097220098,0.009059999999999999,81150.26000000001,16.356445877990154
2026-09-20 22:44:46.581771851,-718.8649097220098,0.009059999999999999,81150.515,16.35875617799013
2026-09-20 22:44:46.582063198,-718.8649097220098,0.009059999999999999,81150.515,16.35875617799013
2026-09-20 22:44:48.314650297,-718.8649097220098,0.009059999999999999,81150.005,16.354135577990178
2026-09-20 22:45:01.819718599,-718.8649097220098,0.009059999999999999,81100.725,15.90765877799015
2026-09-20 22:46:08.402038097,-718.8649097220098,0.009059999999999999,81188.0,16.69837027799008
2026-09-20 22:50:06.396910191,-718.8649097220098,0.009059999999999999,81189.695,16.713726977990177
2026-09-20 22:50:37.626466751,-718.8649097220098,0.009059999999999999,81235.485,17.128584377990137
2026-09-20 22:50:37.626639843,-718.8649097220098,0.009059999999999999,81235.485,17.128584377990137
2026-09-20 22:50:53.396039724,-718.8649097220098,0.009059999999999999,81250.195,17.261856977990192
2026-09-20 22:51:45.470748901,-718.8649097220098,0.009059999999999999,81276.01,17.4957408779901
2026-09-20 22:51:45.470987558,-718.8649097220098,0.009059999999999999,81276.01,17.4957408779901
2026-09-20 22:52:07.384866714,-718.8649097220098,0.009059999999999999,81286.995,17.59526497799004
2026-09-20 22:52:07.385061979,-718.8649097220098,0.009059999999999999,81286.995,17.59526497799004
2026-09-20 22:52:08.501326084,-718.8649097220098,0.009059999999999999,81247.225,17.234948777990212
2026-09-20 22:52:08.501500130,-718.8649097220098,0.009059999999999999,81247.225,17.234948777990212
2026-09-20 22:52:16.465312719,-718.8649097220098,0.009059999999999999,81247.955,17.24156257799018
2026-09-20 22:52:30.628519535,-718.8649097220098,0.009059999999999999,81247.695,17.239206977990193
2026-09-20 22:54:09.474566221,-718.8649097220098,0.009059999999999999,81195.38,16.76523307799016
2026-09-20 22:54:32.697282314,-718.8649097220098,0.009059999999999999,81209.08499999999,16.88940037799
2026-09-20 23:00:10.717360497,-718.8649097220098,0.009059999999999999,81211.225,16.90878877799014
2026-09-20 23:00:49.081178188,-718.8649097220098,0.009059999999999999,81177.995,16.607724977990074
2026-09-20 23:00:49.081384659,-718.8649097220098,0.009059999999999999,81177.995,16.607724977990074
2026-09-20 23:00:56.969746828,-718.8649097220098,0.009059999999999999,81178.01,16.607860877990106
2026-09-20 23:04:08.077195168,-718.8649097220098,0.009059999999999999,81194.53,16.757532077990163
2026-09-20 23:09:26.631482124,-718.8649097220098,0.009059999999999999,81197.775,16.78693177799005
2026-09-20 23:09:58.859217882,-718.8649097220098,0.009059999999999999,81214.85,16.941631277990155
2026-09-20 23:09:58.859522581,-718.8649097220098,0.009059999999999999,81214.85,16.941631277990155
2026-09-20 23:10:19.915894270,-718.8649097220098,0.009059999999999999,81240.35500000001,17.172706577990198
2026-09-20 23:13:34.845840931,-718.8649097220098,0.009059999999999999,81242.785,17.19472237799016
2026-09-20 23:13:34.846125364,-718.8649097220098,0.009059999999999999,81242.785,17.19472237799016
2026-09-20 23:15:59.111226797,-718.8649097220098,0.009059999999999999,81155.73999999999,16.40609467799004
2026-09-20 23:18:07.128007411,-718.8649097220098,0.009059999999999999,81223.82500000001,17.022944777990233
2026-09-20 23:19:05.635768652,-718.8649097220098,0.009059999999999999,81202.955,16.83386257799009
2026-09-20 23:20:16.190659523,-718.8649097220098,0.009059999999999999,81268.255,17.42548057799013
2026-09-20 23:20:16.190794468,-765.186527283014,0.009629999999999998,81268.255,17.42676836698581
2026-09-20 23:20:20.929719448,-765.186527283014,0.009629999999999998,81256.15,17.310197216985785
2026-09-20 23:21:32.637255669,-765.186527283014,0.009629999999999998,81248.655,17.23802036698578
2026-09-20 23:22:07.270243406,-765.186527283014,0.009629999999999998,81253.815,17.287711166985787
2026-09-20 23:23:02.051583052,-765.186527283014,0.009629999999999998,81255.225,17.30128946698585
2026-09-20 23:23:02.051761627,-765.186527283014,0.009629999999999998,81255.225,17.30128946698585
2026-09-20 23:23:14.654380083,-765.186527283014,0.009629999999999998,81287.805,17.615034866985752
2026-09-20 23:25:23.732351780,-765.186527283014,0.009629999999999998,81283.75,17.575985216985828
2026-09-20 23:25:23.732522488,-765.186527283014,0.009629999999999998,81283.75,17.575985216985828
2026-09-20 23:25:34.788924456,-765.186527283014,0.009629999999999998,81284.765,17.585759666985837
2026-09-20 23:26:08.494833231,-765.186527283014,0.009629999999999998,81243.215,17.18563316698578
2026-09-20 23:28:01.403557062,-765.186527283014,0.009629999999999998,81213.805,16.902414866985737
2026-09-20 23:28:01.403878450,-637.6773063650784,0.008059999999999998,81213.805,16.90596193492138
2026-09-20 23:28:24.894543886,-637.6773063650784,0.008059999999999998,81203.92499999999,16.826329134921366
2026-09-20 23:28:24.894759417,-637.6773063650784,0.008059999999999998,81203.92499999999,16.826329134921366
2026-09-20 23:32:54.167989016,-637.6773063650784,0.008059999999999998,81166.715,16.526416534921395
2026-09-20 23:36:46.496947527,-637.6773063650784,0.008059999999999998,81136.045,16.279216334921443
2026-09-20 23:38:31.947580338,-637.6773063650784,0.008059999999999998,81182.02,16.64977483492146
2026-09-20 23:38:31.947781801,-637.6773063650784,0.008059999999999998,81182.02,16.64977483492146
2026-09-20 23:38:32.322841644,-630.3670361799738,0.007969999999999998,81222.965,16.979994870026076
2026-09-20 23:38:53.581676245,-630.3670361799738,0.007969999999999998,81237.995,17.09978397002601
2026-09-20 23:38:53.581838369,-630.3670361799738,0.007969999999999998,81237.995,17.09978397002601
2026-09-20 23:38:53.581913233,-1073.914153216962,0.013429999999999997,81237.995,17.112119633037764
2026-09-20 23:38:54.045964241,-1073.914153216962,0.013429999999999997,81232.295,17.035568633037883
2026-09-20 23:38:54.061456442,2175.468017940633,-0.026570000000000003,81232.295,17.125939790632856
2026-09-20 23:38:54.061621428,2444.354392603924,-0.029880000000000004,81232.295,17.133418003923907
2026-09-20 23:38:54.061730385,2710.803730638847,-0.03316,81232.295,17.14082843884671
2026-09-20 23:38:55.117012262,2710.803730638847,-0.03316,81260.83,16.194607838846878
2026-09-20 23:38:55.543569088,2710.803730638847,-0.03316,81261.6,16.169074638846723
2026-09-20 23:39:08.266588926,2710.803730638847,-0.03316,81286.08499999999,15.357152038846834
2026-09-20 23:39:53.301448345,2810.763689551943,-0.034390000000000004,81266.0,16.02594955194263
2026-09-20 23:40:27.871680975,2810.763689551943,-0.034390000000000004,81202.075,18.2243303019427
2026-09-20 23:40:35.370820284,2810.763689551943,-0.034390000000000004,81194.265,18.49291620194299
2026-09-20 23:40:44.618845224,2810.763689551943,-0.034390000000000004,81187.98999999999,18.708713451942913
2026-09-20 23:41:08.875936031,2810.763689551943,-0.034390000000000004,81173.025,19.223359801942934
2026-09-20 23:41:37.959058523,2810.763689551943,-0.034390000000000004,81232.17499999999,17.189191301943083
2026-09-20 23:41:37.960216761,2805.8898946086797,-0.034330000000000006,81232.17499999999,17.18932685867958
2026-09-20 23:41:51.435440779,2805.8898946086797,-0.034330000000000006,81203.965,18.1577761586791
2026-09-20 23:41:51.435666084,3071.434248000813,-0.03760000000000001,81203.965,18.165164000812638
2026-09-20 23:41:51.435779095,3337.7906636357357,-0.04088000000000001,81203.965,18.17257443573544
2026-09-20 23:41:51.498972416,3337.7906636357357,-0.04088000000000001,81236.41500000001,16.846018435735004
2026-09-20 23:41:51.952046633,3337.7906636357357,-0.04088000000000001,81265.985,15.637196835735267
2026-09-20 23:41:51.952217579,3337.7906636357357,-0.04088000000000001,81265.985,15.637196835735267
2026-09-20 23:41:51.952315331,3078.559378585554,-0.03769000000000001,81265.985,15.644403935553328
2026-09-20 23:41:51.952408314,3058.243447155289,-0.03744000000000001,81265.985,15.644968755288119
2026-09-20 23:43:00.234415054,3058.243447155289,-0.03744000000000001,81266.07,15.641786355287877
2026-09-20 23:43:00.234586477,3058.243447155289,-0.03744000000000001,81266.07,15.641786355287877
2026-09-20 23:43:01.815833569,3058.243447155289,-0.03744000000000001,81265.08499999999,15.678664755288537
2026-09-20 23:43:01.816015959,3058.243447155289,-0.03744000000000001,81265.08499999999,15.678664755288537
2026-09-20 23:43:01.816121817,3058.243447155289,-0.03744000000000001,81265.08499999999,15.678664755288537
2026-09-20 23:43:05.763944626,3058.243447155289,-0.03744000000000001,81249.84,16.249437555288296
2026-09-20 23:43:05.764122009,3058.243447155289,-0.03744000000000001,81249.84,16.249437555288296
2026-09-20 23:43:58.485659122,3058.243447155289,-0.03744000000000001,81247.08499999999,16.352584755288262
2026-09-20 23:44:48.330591440,3038.7397881822344,-0.03720000000000001,81267.505,15.588602182233444
2026-09-20 23:46:13.729707003,3043.616906138971,-0.03726000000000001,81283.04000000001,15.010835738969945
2026-09-20 23:46:49.326493025,3043.616906138971,-0.03726000000000001,81270.92,15.462426938970566
2026-09-20 23:46:51.735809565,3043.616906138971,-0.03726000000000001,81246.0,16.39094613897032
2026-09-20 23:46:51.736015797,3043.616906138971,-0.03726000000000001,81246.0,16.39094613897032
2026-09-20 23:46:53.073482275,3043.616906138971,-0.03726000000000001,81245.87,16.395789938970665
2026-09-20 23:46:54.100828648,3043.616906138971,-0.03726000000000001,81235.44,16.784411738970448
2026-09-20 23:46:55.627525091,3043.616906138971,-0.03726000000000001,81218.85,17.40255513897
2026-09-20 23:46:57.553579092,3043.616906138971,-0.03726000000000001,81206.745,17.853587438970408
2026-09-20 23:46:57.553778172,3043.616906138971,-0.03726000000000001,81206.745,17.853587438970408
2026-09-20 23:46:58.655880451,3043.616906138971,-0.03726000000000001,81206.0,17.881346138970457
2026-09-20 23:46:58.656110764,3043.616906138971,-0.03726000000000001,81206.0,17.881346138970457
2026-09-20 23:50:20.779298782,3043.616906138971,-0.03726000000000001,81286.985,14.86384503897034
2026-09-20 23:50:26.918725729,3043.616906138971,-0.03726000000000001,81308.0,14.080826138970224
2026-09-20 23:50:26.918930531,3043.616906138971,-0.03726000000000001,81308.0,14.080826138970224
2026-09-20 23:50:26.919033289,2598.061446987562,-0.03178000000000001,81308.0,14.093206987561189
2026-09-20 23:50:40.818697453,2598.061446987562,-0.03178000000000001,81331.92499999999,13.332870487561195
2026-09-20 23:50:40.818936825,2598.061446987562,-0.03178000000000001,81331.92499999999,13.332870487561195
2026-09-20 23:50:40.819045782,1130.0609807224268,-0.01373000000000001,81331.92499999999,13.373650472426334
2026-09-20 23:50:43.151861668,1130.0609807224268,-0.01373000000000001,81331.875,13.374336972426136
2026-09-20 23:50:48.922039032,1130.0609807224268,-0.01373000000000001,81331.875,13.374336972426136
2026-09-20 23:51:50.452497005,1130.0609807224268,-0.01373000000000001,81254.0,14.443560722426128
2026-09-21 00:00:10.071506500,1130.0609807224268,-0.01373000000000001,81178.115,15.485461772426106
2026-09-21 00:00:10.071882725,1130.0609807224268,-0.01373000000000001,81178.115,15.485461772426106
2026-09-21 00:00:11.517450808,1130.0609807224268,-0.01373000000000001,81199.995,15.185049372426192
2026-09-21 00:00:12.048113823,1130.0609807224268,-0.01373000000000001,81199.995,15.185049372426192
2026-09-21 00:00:15.446884155,1130.0609807224268,-0.01373000000000001,81199.995,15.185049372426192
2026-09-21 00:01:26.686506987,1130.0609807224268,-0.01373000000000001,81237.995,14.663309372426056
2026-09-21 00:01:26.686715603,1130.0609807224268,-0.01373000000000001,81237.995,14.663309372426056
2026-09-21 00:01:26.686822176,1793.7938581813655,-0.02190000000000001,81237.995,14.681767681364818
2026-09-21 00:01:26.686916590,1930.2774853699846,-0.02358000000000001,81237.995,14.685563269983732
2026-09-21 00:01:30.692592144,1930.2774853699846,-0.02358000000000001,81238.04500000001,14.684384269983411
2026-09-21 00:01:30.692821503,1930.2774853699846,-0.02358000000000001,81238.04500000001,14.684384269983411
2026-09-21 00:01:37.792420626,1930.2774853699846,-0.02358000000000001,81307.515,13.046281669983728
2026-09-21 00:01:37.792619944,1930.2774853699846,-0.02358000000000001,81307.515,13.046281669983728
2026-09-21 00:01:37.792727709,2035.9801919326064,-0.02488000000000001,81307.515,13.049218732605596
2026-09-21 00:01:37.792836666,3397.10581336206,-0.04162000000000001,81307.515,13.08703906205892
2026-09-21 00:01:39.540442705,3397.10581336206,-0.04162000000000001,81309.805,12.99172926205938
2026-09-21 00:01:39.540646553,3397.10581336206,-0.04162000000000001,81309.805,12.99172926205938
2026-09-21 00:01:39.745290756,3384.903895253901,-0.041470000000000014,81348.38,11.386576653899738
2026-09-21 00:01:39.859471321,3360.4985965375827,-0.04117000000000001,81353.255,11.185088187581641
2026-09-21 00:01:59.530888796,3360.4985965375827,-0.04117000000000001,81341.995,11.64866238758168
2026-09-21 00:01:59.531088114,3360.4985965375827,-0.04117000000000001,81341.995,11.64866238758168
2026-09-21 00:01:59.531184196,3032.6994615817102,-0.03714000000000001,81341.995,11.657767281709312
2026-09-21 00:01:59.531276226,1890.6895720580262,-0.023100000000000013,81341.995,11.689487558025348
2026-09-21 00:02:00.756683588,1890.6895720580262,-0.023100000000000013,81341.94,11.69075805802504
2026-09-21 00:02:00.756894350,1890.6895720580262,-0.023100000000000013,81341.94,11.69075805802504
2026-09-21 00:02:00.756994963,1671.0724341111638,-0.020400000000000012,81341.94,11.696858111162783
2026-09-21 00:02:00.757084131,728.3455345540771,-0.008810000000000012,81341.94,11.723043154076095
2026-09-21 00:02:00.757171392,468.87195305389525,-0.005620000000000012,81341.94,11.730250253894269
2026-09-21 00:02:00.757260084,421.6949382356804,-0.005040000000000012,81341.94,11.731560635679386
2026-09-21 00:02:02.453023672,421.6949382356804,-0.005040000000000012,81341.735,11.732593835679381
2026-09-21 00:02:16.437205553,421.6949382356804,-0.005040000000000012,81357.84,11.651424635679405
2026-09-21 00:02:16.437415838,421.6949382356804,-0.005040000000000012,81357.84,11.651424635679405
2026-09-21 00:02:16.437544346,-1044.332626357823,0.012979999999999988,81357.84,11.692136842175842
2026-09-21 00:02:17.574369907,-3047.179369010323,0.03759999999999999,81352.655,11.680458989675572
2026-09-21 00:02:18.512657404,-4055.92427595147,0.05,81352.655,11.708474048530206
2026-09-21 00:02:23.298289299,-4055.92427595147,0.05,81377.36499999999,12.943974048529526
2026-09-21 00:02:24.126782417,-4055.92427595147,0.05,81392.875,13.719474048530174
2026-09-21 00:02:25.018464088,-4043.715005809629,0.049850000000000005,81392.875,13.719812940371412
2026-09-21 00:02:29.469980955,-4055.9239761677877,0.05,81395.39499999999,13.845773832211762
2026-09-21 00:02:29.470612526,-4055.9239761677877,0.05,81395.39499999999,13.845773832211762
2026-09-21 00:02:33.565842628,-4055.9239761677877,0.05,81395.57,13.854523832212635
2026-09-21 00:02:34.322903156,-4055.9239761677877,0.05,81395.57,13.854523832212635
2026-09-21 00:03:59.687974453,-4055.9239761677877,0.05,81289.995,8.575773832212235
2026-09-21 00:03:59.688175440,-4055.9239761677877,0.05,81289.995,8.575773832212235
2026-09-21 00:04:00.414404154,-4055.9239761677877,0.05,81284.10500000001,8.281273832213174
2026-09-21 00:04:00.544964552,-4055.9239761677877,0.05,81289.945,8.573273832212635
2026-09-21 00:04:03.580085993,-4055.9239761677877,0.05,81313.845,9.768273832212344
2026-09-21 00:04:03.580284357,-4055.9239761677877,0.05,81313.845,9.768273832212344
2026-09-21 00:04:05.120670557,-4055.9239761677877,0.05,81310.475,9.599773832212577
2026-09-21 00:04:05.439910173,-4055.9239761677877,0.05,81310.47,9.599523832212526
2026-09-21 00:04:18.031416416,-4055.9239761677877,0.05,81328.045,10.47827383221238
2026-09-21 00:04:18.132897854,-4055.9239761677877,0.05,81328.005,10.476273832212883
2026-09-21 00:04:18.244116306,-4055.9239761677877,0.05,81327.95999999999,10.47402383221197
2026-09-21 00:04:18.461660624,-4055.9239761677877,0.05,81327.93,10.472523832212119
2026-09-21 00:04:18.572762728,-4055.9239761677877,0.05,81327.89,10.47052383221262
2026-09-21 00:04:18.573908567,-4055.9239761677877,0.05,81327.89,10.47052383221262
2026-09-21 00:04:18.725043297,-4055.9239761677877,0.05,81327.855,10.468773832212264
2026-09-21 00:04:18.725239515,-4055.9239761677877,0.05,81327.855,10.468773832212264
2026-09-21 00:04:18.725346088,-4055.9239761677877,0.05,81327.855,10.468773832212264
2026-09-21 00:04:18.839290380,-4055.9239761677877,0.05,81327.855,10.468773832212264
2026-09-21 00:04:18.944607973,-4055.9239761677877,0.05,81327.78,10.46502383221241
2026-09-21 00:05:02.716850519,-4055.9239761677877,0.05,81361.765,12.16427383221253
2026-09-21 00:05:02.900544405,-4055.9239761677877,0.05,81361.765,12.16427383221253
2026-09-21 00:05:03.076330900,-4055.9239761677877,0.05,81361.765,12.16427383221253
2026-09-21 00:05:03.086939812,-4055.9239761677877,0.05,81361.765,12.16427383221253
2026-09-21 00:05:14.146757603,-4055.9239761677877,0.05,81398.4,13.996023832212359
2026-09-21 00:05:15.724305868,-4055.9239761677877,0.05,81398.515,14.00177383221262
2026-09-21 00:05:23.674419165,-4055.9239761677877,0.05,81399.995,14.075773832212235
2026-09-21 00:05:23.674621105,-4055.9239761677877,0.05,81399.995,14.075773832212235
2026-09-21 00:05:23.857311487,-4055.9239761677877,0.05,81399.995,14.075773832212235
2026-09-21 00:05:23.874319077,-4055.9239761677877,0.05,81399.995,14.075773832212235
2026-09-21 00:05:23.950495243,-4055.9239761677877,0.05,81435.28,15.84002383221241
2026-09-21 00:05:34.004785061,-4055.9239761677877,0.05,81432.84,15.718023832212111
2026-09-21 00:05:34.626546144,-4055.9239761677877,0.05,81432.84,15.718023832212111
2026-09-21 00:05:34.626782179,-4055.9239761677877,0.05,81432.84,15.718023832212111
2026-09-21 00:05:34.626884699,-4055.9239761677877,0.05,81432.84,15.718023832212111
2026-09-21 00:05:34.626980782,-4055.9239761677877,0.05,81432.84,15.718023832212111
2026-09-21 00:05:34.901535511,-4055.9239761677877,0.05,81432.84,15.718023832212111
2026-09-21 00:06:31.037165165,-4055.9239761677877,0.05,81444.095,16.280773832212617
2026-09-21 00:06:32.015829802,-4055.9239761677877,0.05,81453.875,16.76977383221265
2026-09-21 00:06:35.561338186,-4055.9239761677877,0.05,81485.235,18.337773832212406
2026-09-21 00:06:35.561538458,-4045.3306019115257,0.049870000000000005,81485.235,18.33806753847466
2026-09-21 00:06:35.561635256,-2328.389097454263,0.028800000000000006,81485.235,18.385670545737867
2026-09-21 00:06:35.561726093,-2061.11011621934,0.025520000000000008,81485.235,18.39308098066067
2026-09-21 00:06:35.583308220,-1860.6508802931478,0.023060000000000008,81485.235,18.398638806852887
2026-09-21 00:06:35.622957706,-1860.6508802931478,0.023060000000000008,81520.39499999999,19.209428406852567
2026-09-21 00:06:35.646489620,-1360.9170095632464,0.016930000000000008,81520.39499999999,19.223277786753897
2026-09-21 00:06:35.671571732,-1158.7408269514756,0.014450000000000008,81520.39499999999,19.22888079852487
2026-09-21 00:06:35.692995310,-1148.1428818952133,0.014320000000000008,81520.39499999999,19.229174504787125
2026-09-21 00:06:35.720483780,-1148.1428818952133,0.014320000000000008,81542.205,19.5414937047874
2026-09-21 00:06:35.720599890,-975.2686176238608,0.012200000000000008,81542.205,19.546283376139854
2026-09-21 00:06:36.653483629,-975.2686176238608,0.012200000000000008,81547.42,19.60990637613986
2026-09-21 00:06:38.140521288,-975.2686176238608,0.012200000000000008,81547.685,19.61313937613977
2026-09-21 00:06:38.161536932,-975.2686176238608,0.012200000000000008,81547.685,19.61313937613977
2026-09-21 00:06:38.422907114,-975.2686176238608,0.012200000000000008,81554.995,19.70232137613982
2026-09-21 00:06:38.811969042,-975.2686176238608,0.012200000000000008,81560.305,19.767103376139744
2026-09-21 00:06:38.812130213,-964.6654842675986,0.012070000000000008,81560.305,19.767397082402
2026-09-21 00:06:38.818409204,-896.152930273289,0.011230000000000007,81560.305,19.769294876711456
2026-09-21 00:06:41.613448143,-896.152930273289,0.011230000000000007,81582.53,20.018881626711504
2026-09-21 00:06:47.148671150,-896.152930273289,0.011230000000000007,81576.83,19.954870626711568
2026-09-21 00:06:48.857626915,-964.6591392789795,0.012070000000000008,81557.27,19.737109621021204
2026-09-21 00:06:48.899653673,-964.6591392789795,0.012070000000000008,81557.27,19.737109621021204
2026-09-21 00:06:48.899852037,-2698.5426833438487,0.03333000000000001,81557.27,19.761125756152524
2026-09-21 00:06:49.479359627,-2630.033959446694,0.03249000000000001,81556.875,19.748909303306846
2026-09-21 00:06:49.704283476,-2698.5412937495394,0.03333000000000001,81557.48,19.769514650461588
2026-09-21 00:06:49.704506397,-2957.8904878960248,0.036510000000000015,81557.48,19.77310690397644
2026-09-21 00:06:49.704608679,-4058.085654259574,0.05,81557.48,19.78834574042594
2026-09-21 00:06:50.163854122,-4058.085654259574,0.05,81561.24,19.976345740426495
2026-09-21 00:06:50.364217758,-4058.085654259574,0.05,81558.595,19.844095740426383
2026-09-21 00:06:50.823533535,-4058.085654259574,0.05,81558.425,19.83559574042647
2026-09-21 00:06:51.182871103,-4058.085654259574,0.05,81555.615,19.695095740426495
2026-09-21 00:06:51.183078051,-4058.085654259574,0.05,81555.615,19.695095740426495
2026-09-21 00:06:52.213093996,-4058.085654259574,0.05,81555.57500000001,19.693095740426998
2026-09-21 00:06:52.213300467,-4058.085654259574,0.05,81555.57500000001,19.693095740426998
2026-09-21 00:06:52.213409901,-4058.085654259574,0.05,81555.57500000001,19.693095740426998
2026-09-21 00:06:53.227387190,-4058.085654259574,0.05,81554.45999999999,19.6373457404261
2026-09-21 00:06:53.227595091,-4058.085654259574,0.05,81554.45999999999,19.6373457404261
2026-09-21 00:06:59.105739355,-4058.085654259574,0.05,81531.35500000001,18.482095740426757
2026-09-21 00:06:59.105935335,-4058.085654259574,0.05,81531.35500000001,18.482095740426757
2026-09-21 00:06:59.106032610,-4058.085654259574,0.05,81531.35500000001,18.482095740426757
2026-09-21 00:06:59.106125593,-4058.085654259574,0.05,81531.35500000001,18.482095740426757
2026-09-21 00:07:38.908507586,-4058.085654259574,0.05,81480.875,15.958095740426415
2026-09-21 00:08:16.749314308,-4058.085654259574,0.05,81459.765,14.902595740426477
2026-09-21 00:08:44.909440517,-4058.085654259574,0.05,81590.09,21.41884574042615
2026-09-21 00:08:45.138872623,-2974.0755125510186,0.036710000000000007,81564.72,20.165358648981965
2026-09-21 00:08:59.995461941,-3000.9967377699936,0.037040000000000003,81580.6,20.748686230007024
2026-09-21 00:09:13.146864653,-2901.5378242098404,0.035820000000000005,81522.57,18.60063319016035
2026-09-21 00:09:40.559902668,-2881.9790434963675,0.03558000000000001,81493.79,17.570004703633003
2026-09-21 00:10:09.199015141,-2614.575585078906,0.03230000000000001,81524.315,18.659789421094956
2026-09-21 00:10:09.199301958,-2347.1721266614445,0.02902000000000001,81524.315,18.663494638556585
2026-09-21 00:10:09.199548483,-2070.8008693336415,0.02563000000000001,81524.315,18.667324116359396
2026-09-21 00:10:12.191418648,-2070.8008693336415,0.02563000000000001,81529.855,18.809314316359178
2026-09-21 00:10:17.464598894,-2070.8008693336415,0.02563000000000001,81547.855,19.27065431635947
2026-09-21 00:10:25.958122492,-2070.8008693336415,0.02563000000000001,81547.655,19.26552831635945
2026-09-21 00:10:25.958327770,-2070.8008693336415,0.02563000000000001,81547.655,19.26552831635945
2026-09-21 00:11:50.682616472,-2070.8008693336415,0.02563000000000001,81474.8,17.398254666359662
2026-09-21 00:11:51.043942690,-2070.8008693336415,0.02563000000000001,81450.55,16.77672716635925
2026-09-21 00:12:05.146125793,-2065.9105423552733,0.02557000000000001,81504.32,18.154920044727533
2026-09-21 00:12:19.478469849,-2239.5388882732022,0.02770000000000001,81516.785,18.47605622679839
2026-09-21 00:12:23.057166100,-2239.5388882732022,0.02770000000000001,81541.41,19.15816872679852
2026-09-21 00:12:23.057367325,-1972.0793582557408,0.02442000000000001,81541.41,19.16187394426015
2026-09-21 00:12:23.057466984,-1548.058152130497,0.01922000000000001,81541.41,19.167748069503887
2026-09-21 00:12:41.998399019,-1548.058152130497,0.01922000000000001,81581.625,19.940680369503752
2026-09-21 00:12:52.210217476,-1548.058152130497,0.01922000000000001,81599.995,20.293751769503842
2026-09-21 00:12:52.210495949,-1548.058152130497,0.01922000000000001,81599.995,20.293751769503842
2026-09-21 00:12:52.210654259,-1548.058152130497,0.01922000000000001,81599.995,20.293751769503842
2026-09-21 00:12:56.628417969,-1548.058152130497,0.01922000000000001,81625.87,20.79106926950385
2026-09-21 00:12:58.716136932,-1548.058152130497,0.01922000000000001,81633.505,20.93781396950385
2026-09-21 00:12:59.548773289,-1548.058152130497,0.01922000000000001,81649.73000000001,21.249658469504084
2026-09-21 00:13:00.074554682,-1548.058152130497,0.01922000000000001,81649.995,21.254751769503855
2026-09-21 00:13:00.441108465,-1548.058152130497,0.01922000000000001,81649.995,21.254751769503855
2026-09-21 00:13:06.696409702,-1548.058152130497,0.01922000000000001,81649.995,21.254751769503855
2026-09-21 00:13:06.705167294,-1548.058152130497,0.01922000000000001,81649.995,21.254751769503855
2026-09-21 00:13:06.909125805,-1548.058152130497,0.01922000000000001,81649.995,21.254751769503855
2026-09-21 00:13:07.018349648,-1548.058152130497,0.01922000000000001,81649.995,21.254751769503855
2026-09-21 00:13:07.574945450,-1548.058152130497,0.01922000000000001,81649.995,21.254751769503855
2026-09-21 00:13:07.582462788,-1541.5260621593395,0.01914000000000001,81649.995,21.254842140661367
2026-09-21 00:13:07.582663774,-1355.361497981348,0.01686000000000001,81649.995,21.257417718652732
2026-09-21 00:13:07.587435007,-1355.361497981348,0.01686000000000001,81649.995,21.257417718652732
2026-09-21 00:13:08.622081757,-1355.361497981348,0.01686000000000001,81666.73000000001,21.539569818653035
2026-09-21 00:13:08.672321320,-1355.361497981348,0.01686000000000001,81666.995,21.544037718652817
2026-09-21 00:13:08.863544226,-1355.361497981348,0.01686000000000001,81666.995,21.544037718652817
2026-09-21 00:13:08.863775969,-1355.361497981348,0.01686000000000001,81666.995,21.544037718652817
2026-09-21 00:13:11.736354828,-1355.361497981348,0.01686000000000001,81685.91,21.86294461865282
2026-09-21 00:13:11.736550331,-1615.1190995278337,0.02004000000000001,81685.91,21.866536872167217
2026-09-21 00:13:11.736651421,-3091.979928446217,0.03812000000000001,81685.91,21.886960753784024
2026-09-21 00:13:12.586137056,-3169.5767885387204,0.03907000000000001,81682.035,21.740318911280156
2026-09-21 00:13:12.610201836,-3169.5767885387204,0.03907000000000001,81682.035,21.740318911280156
2026-09-21 00:13:12.616626501,-3299.4494280619633,0.04066000000000001,81682.035,21.742115038037355
2026-09-21 00:13:15.124389648,-3299.4494280619633,0.04066000000000001,81641.81,20.10656653803744
2026-09-21 00:13:25.901396275,-3299.4494280619633,0.04066000000000001,81676.85500000001,21.531496238038017
2026-09-21 00:13:25.901607513,-3030.7288585981073,0.03737000000000001,81676.85500000001,21.535212751893596
2026-09-21 00:13:47.992041588,-3030.7288585981073,0.03737000000000001,81639.815,20.15102795189341
2026-09-21 00:14:15.175473213,-2740.796224127989,0.03382000000000001,81670.035,21.28435957201191
2026-09-21 00:14:15.175681353,-2472.0980924641326,0.03053000000000001,81670.035,21.288076085868397
2026-09-21 00:14:15.175784349,-2204.216672446671,0.02725000000000001,81670.035,21.291781303330026
2026-09-21 00:14:15.175910234,-75.86612194208419,0.0011900000000000105,81670.035,21.32121970791667
2026-09-21 00:14:15.176008224,-12.97932516969233,0.00042000000000001053,81670.035,21.32208953030853
2026-09-21 00:14:15.176100254,246.73497838382212,-0.0027599999999999895,81670.035,21.325681783822972
2026-09-21 00:14:15.176183462,446.82933175052347,-0.005209999999999989,81670.035,21.328449400524335
2026-09-21 00:14:15.176265001,457.44658315365456,-0.005339999999999989,81670.035,21.328596253655462
2026-09-21 00:14:15.176347971,2507.3928156043503,-0.030439999999999988,81670.035,21.35695020435105
2026-09-21 00:14:15.176431417,4104.880795952384,-0.05,81670.035,21.37904595238342
2026-09-21 00:14:15.176516056,4104.880795952384,-0.05,81670.035,21.37904595238342
2026-09-21 00:14:15.911256552,4104.880795952384,-0.05,81677.81,20.990295952383804
2026-09-21 00:14:54.798121452,4104.880795952384,-0.05,81679.04000000001,20.928795952383098
2026-09-21 00:15:07.464250565,4092.625673648304,-0.049850000000000005,81701.945,19.78371539830323
2026-09-21 00:15:57.148351431,4092.625673648304,-0.049850000000000005,81669.61499999999,21.395365898304135
2026-09-21 00:17:01.804540157,4092.625673648304,-0.049850000000000005,81559.59,26.88011214830385
2026-09-21 00:17:05.643911839,4092.625673648304,-0.049850000000000005,81536.48999999999,28.031647148304273
2026-09-21 00:17:05.644126892,4092.625673648304,-0.049850000000000005,81536.48999999999,28.031647148304273
2026-09-21 00:17:27.282519102,4092.625673648304,-0.049850000000000005,81563.945,26.663015398303287
2026-09-21 00:18:31.832271099,4092.625673648304,-0.049850000000000005,81671.05,21.323831148303725
2026-09-21 00:18:49.004758120,4092.625673648304,-0.049850000000000005,81671.245,21.31411039830391
2026-09-21 00:18:53.490355253,4092.625673648304,-0.049850000000000005,81702.51,19.755550148303882
2026-09-21 00:18:54.199764013,4092.625673648304,-0.049850000000000005,81707.365,19.513528398303606
2026-09-21 00:18:57.195282221,4092.625673648304,-0.049850000000000005,81717.16500000001,19.024998398303524
2026-09-21 00:18:59.019581556,4092.625673648304,-0.049850000000000005,81716.9,19.038208648304135
2026-09-21 00:19:01.118709564,4092.625673648304,-0.049850000000000005,81689.20999999999,20.418555148304222
2026-09-21 00:19:04.808640480,4092.625673648304,-0.049850000000000005,81701.825,19.789697398303815
2026-09-21 00:19:22.008268833,4092.625673648304,-0.049850000000000005,81717.16500000001,19.024998398303524
2026-09-21 00:19:23.517565489,4092.625673648304,-0.049850000000000005,81717.16500000001,19.024998398303524
2026-09-21 00:19:23.646489620,4092.625673648304,-0.049850000000000005,81725.57500000001,18.605759898303404
2026-09-21 00:19:30.325071335,4092.625673648304,-0.049850000000000005,81733.985,18.18652139830374
2026-09-21 00:19:50.767235994,4092.625673648304,-0.049850000000000005,81750.345,17.370975398303926
2026-09-21 00:19:51.444459677,4092.625673648304,-0.049850000000000005,81767.20999999999,16.53025514830415
2026-09-21 00:19:52.569906712,4103.255113201435,-0.049980000000000004,81763.79000000001,16.70088900143446
2026-09-21 00:19:59.855809212,4103.255113201435,-0.049980000000000004,81774.825,16.14935970143506
2026-09-21 00:20:09.733939886,4103.255113201435,-0.049980000000000004,81759.815,16.89955950143485
2026-09-21 00:20:16.271668911,4103.255113201435,-0.049980000000000004,81750.155,17.382366301435013
2026-09-21 00:20:18.882896900,4103.255113201435,-0.049980000000000004,81776.995,16.040903101435106
2026-09-21 00:20:30.464772701,4103.255113201435,-0.049980000000000004,81755.86,17.0972304014349
2026-09-21 00:21:04.548418522,4036.1840903058005,-0.04916,81795.06,15.13894070580045
2026-09-21 00:21:19.474497318,4036.1840903058005,-0.04916,81799.995,14.896336105800401
2026-09-21 00:21:19.474700689,4036.1840903058005,-0.04916,81799.995,14.896336105800401
2026-09-21 00:21:38.617175817,4093.4617720534293,-0.04986,81824.13,13.710650253428867
2026-09-21 00:21:38.641122103,4104.916919202955,-0.05,81821.35,13.849419202954323
2026-09-21 00:21:38.664187193,4104.916919202955,-0.05,81821.35,13.849419202954323
2026-09-21 00:21:38.686220646,4104.916919202955,-0.05,81821.35,13.849419202954323
2026-09-21 00:21:38.708332300,4104.916919202955,-0.05,81821.35,13.849419202954323
2026-09-21 00:21:38.713238239,4104.916919202955,-0.05,81821.35,13.849419202954323
2026-09-21 00:21:38.737275124,4104.916919202955,-0.05,81830.745,13.379669202955029
2026-09-21 00:21:38.762953997,4104.916919202955,-0.05,81830.745,13.379669202955029
2026-09-21 00:21:38.922064304,4104.916919202955,-0.05,81830.745,13.379669202955029
2026-09-21 00:21:44.396773815,4104.916919202955,-0.05,81822.095,13.812169202954465
2026-09-21 00:21:50.467516422,4104.916919202955,-0.05,81827.32,13.550919202954447
2026-09-21 00:22:06.677814484,4104.916919202955,-0.05,81800.005,14.916669202954381
2026-09-21 00:22:11.476375818,4104.916919202955,-0.05,81790.295,15.40216920295461
2026-09-21 00:22:21.018590450,4104.916919202955,-0.05,81766.9,16.571919202955087
2026-09-21 00:22:26.859814167,4104.916919202955,-0.05,81755.345,17.149669202954556
2026-09-21 00:22:43.526336908,4104.916919202955,-0.05,81732.24,18.304919202954352
2026-09-21 00:23:57.154337168,4104.916919202955,-0.05,81727.575,18.538169202955032
2026-09-21 00:24:12.397978067,4104.916919202955,-0.05,81756.505,17.091669202954563
2026-09-21 00:25:05.807723045,4104.916919202955,-0.05,81740.57,17.888419202954537
2026-09-21 00:25:05.807927608,4104.916919202955,-0.05,81740.57,17.888419202954537
2026-09-21 00:25:43.068111897,4104.916919202955,-0.05,81755.65,17.134419202955087
2026-09-21 00:26:29.202364683,4104.916919202955,-0.05,81745.715,17.63116920295488
2026-09-21 00:26:32.385261297,4104.916919202955,-0.05,81748.945,17.469669202954265
2026-09-21 00:26:32.385468960,4104.916919202955,-0.05,81748.945,17.469669202954265
2026-09-21 00:26:32.991782665,4104.916919202955,-0.05,81792.38,15.29791920295429
2026-09-21 00:26:32.991976261,3575.7275293703256,-0.04353,81792.38,15.305227970325632
2026-09-21 00:26:32.992075920,3555.279716780193,-0.04328,81792.38,15.305510380193027
2026-09-21 00:26:52.253118515,3555.279716780193,-0.04328,81795.35,15.176968780192965
2026-09-21 00:27:18.098012686,3553.644282572983,-0.04326,81772.84,16.151224172982893
2026-09-21 00:29:00.595708132,3553.644282572983,-0.04326,81745.775,17.322056072982832
2026-09-21 00:30:45.141537428,3553.644282572983,-0.04326,81717.92,18.527063372982866
2026-09-21 00:30:48.324298382,3553.644282572983,-0.04326,81717.92,18.527063372982866
2026-09-21 00:30:48.324508429,1764.8637415809799,-0.02137,81717.92,18.55179118097999
2026-09-21 00:30:48.324615717,1505.0043482344943,-0.01819,81717.92,18.55538343449416
2026-09-21 00:30:48.324712276,-995.5294367977251,0.012409999999999997,81717.92,18.589950402274667
2026-09-21 00:30:48.324799061,-3150.4011986049027,0.038779999999999995,81717.92,18.619738995096668
2026-09-21 00:30:48.324884176,-4067.2635864500508,0.05,81717.92,18.632413549949433
2026-09-21 00:30:48.324966431,-4067.2635864500508,0.05,81717.92,18.632413549949433
2026-09-21 00:30:48.325050831,-4067.2635864500508,0.05,81717.92,18.632413549949433
2026-09-21 00:30:48.802398920,-4067.2635864500508,0.05,81711.52,18.312413549949724
2026-09-21 00:31:05.692826986,-4067.2635864500508,0.05,81753.825,20.427663549949102
2026-09-21 00:31:10.694354057,-4067.2635864500508,0.05,81765.62,21.017413549949197
2026-09-21 00:31:10.694560528,-4067.2635864500508,0.05,81765.62,21.017413549949197
2026-09-21 00:31:10.694664717,-4067.2635864500508,0.05,81765.62,21.017413549949197
2026-09-21 00:31:10.798711538,-4067.2635864500508,0.05,81786.455,22.059163549949517
2026-09-21 00:31:11.457347393,-4067.2635864500508,0.05,81807.195,23.09616354994978
2026-09-21 00:31:13.871823311,-4067.2635864500508,0.05,81832.64499999999,24.368663549948906
2026-09-21 00:31:47.143021584,-4067.2635864500508,0.05,81753.905,20.431663549949462
2026-09-21 00:31:47.143140078,-4067.2635864500508,0.05,81753.905,20.431663549949462
2026-09-21 00:33:46.849222660,-4067.2635864500508,0.05,81737.935,19.63316354994913
2026-09-21 00:33:46.849432230,-4067.2635864500508,0.05,81737.935,19.63316354994913
2026-09-21 00:34:00.217347860,-4067.2635864500508,0.05,81704.98999999999,17.985913549949146
2026-09-21 00:34:35.032511473,-4067.2635864500508,0.05,81680.33,16.752913549949426
2026-09-21 00:34:50.475467920,-4067.2635864500508,0.05,81638.01999999999,14.637413549949088
2026-09-21 00:35:18.923958540,-4067.2635864500508,0.05,81654.015,15.437163549949219
2026-09-21 00:35:23.360372066,-4051.7466047685516,0.04981,81667.195,16.096378181448927
2026-09-21 00:35:29.385511398,-4051.7466047685516,0.04981,81670.02,16.23709143144879
2026-09-21 00:36:06.456257582,-4051.7466047685516,0.04981,81672.025,16.33696048144793
2026-09-21 00:36:14.460722208,-4051.7466047685516,0.04981,81690.015,17.233042381448286
2026-09-21 00:36:56.948643446,-4051.7466047685516,0.04981,81703.48000000001,17.90373403144895
2026-09-21 00:37:12.699415207,-4051.7466047685516,0.04981,81727.035,19.077008581448354
2026-09-21 00:37:56.787777185,-4051.7466047685516,0.04981,81736.03,19.52504953144853
2026-09-21 00:37:56.788132668,-4051.7466047685516,0.04981,81736.03,19.52504953144853
2026-09-21 00:37:56.788321018,-1956.0058316125424,0.02417,81736.03,19.554013487457723
2026-09-21 00:37:56.788450241,-771.6343884366229,0.009680000000000001,81736.03,19.570381963377145
2026-09-21 00:37:56.788540602,2421.019067081073,-0.029379999999999996,81736.03,19.614505681073297
2026-09-21 00:37:56.788631201,2478.235078828702,-0.030079999999999996,81736.03,19.61529642870255
2026-09-21 00:39:15.294180155,2478.235078828702,-0.030079999999999996,81661.75,21.84963882870261
2026-09-21 00:39:16.650871038,1979.3769473758637,-0.023969999999999995,81647.305,22.291046525864203
2026-09-21 00:39:25.746145010,1979.3769473758637,-0.023969999999999995,81600.265,23.41859532586409
2026-09-21 00:39:33.492997646,1979.3769473758637,-0.023969999999999995,81604.01,23.328827675864204
2026-09-21 00:39:41.391762257,1979.3769473758637,-0.023969999999999995,81644.005,22.370147525864013
2026-09-21 00:39:41.392036200,1979.3769473758637,-0.023969999999999995,81644.005,22.370147525864013
2026-09-21 00:39:41.392205477,1979.3769473758637,-0.023969999999999995,81644.005,22.370147525864013
2026-09-21 00:39:41.392367125,-1209.5937642064403,0.015090000000000003,81644.005,22.41427124356005
2026-09-21 00:39:41.392507792,-1469.2181078529259,0.01827,81644.005,22.41786349707445
2026-09-21 00:39:41.392645359,-3969.939380145962,0.0489,81644.005,22.452464354038057
2026-09-21 00:39:41.392800570,-4059.7465430425455,0.05,81644.005,22.45370695745487
2026-09-21 00:40:36.673076153,-3861.2469881186335,0.04757,81685.93,24.552701981366226
2026-09-21 00:40:36.796655893,-3661.111193001932,0.04512,81686.95,24.60399099806773
2026-09-21 00:40:37.240588188,-3504.2720384941495,0.0432,81685.93,24.560137505850435
2026-09-21 00:40:37.241581678,-3454.442932114073,0.04259,81685.93,24.560826585927316
2026-09-21 00:41:07.826660872,-3454.442932114073,0.04259,81631.82,22.25628168592766
2026-09-21 00:41:37.656745672,-3454.442932114073,0.04259,81612.005,21.412360835927757
2026-09-21 00:42:14.055525303,-3454.442932114073,0.04259,81570.41,19.640829785927508
2026-09-21 00:42:20.554930210,-3454.442932114073,0.04259,81562.03,19.283925585927136
2026-09-21 00:42:45.738354683,-3454.442932114073,0.04259,81540.87,18.38272118592704
2026-09-21 00:42:45.738558769,-3454.442932114073,0.04259,81540.87,18.38272118592704
2026-09-21 00:42:52.437507868,-3454.442932114073,0.04259,81539.975,18.344603135927628
2026-09-21 00:44:23.622667074,-3454.442932114073,0.04259,81571.98000000001,19.707696085927637
2026-09-21 00:44:44.296855927,-3454.442932114073,0.04259,81571.98000000001,19.707696085927637
2026-09-21 00:44:44.322923660,-191.5185465352747,0.002590000000000002,81571.98000000001,19.752881664725493
2026-09-21 00:44:44.972619772,-191.5185465352747,0.002590000000000002,81620.41500000001,19.87832831472548
2026-09-21 00:45:14.949249744,-189.06671779609061,0.002560000000000002,81726.495,20.153109403909525
2026-09-21 00:45:30.492424250,-189.06671779609061,0.002560000000000002,81789.975,20.315618203909565
2026-09-21 00:45:30.492672443,-189.06671779609061,0.002560000000000002,81789.975,20.315618203909565
2026-09-21 00:45:30.492825747,1273.3582331576322,-0.015319999999999999,81789.975,20.33581615763228
2026-09-21 00:45:42.543170929,1273.3582331576322,-0.015319999999999999,81782.19,20.455082357632364
2026-09-21 00:45:42.828973770,1273.3582331576322,-0.015319999999999999,81783.75,20.431183157632404
2026-09-21 00:46:09.769848585,1273.3582331576322,-0.015319999999999999,81797.55,20.219767157632305
2026-09-21 00:46:50.709059477,1273.3582331576322,-0.015319999999999999,81799.51000000001,20.189739957632128
2026-09-21 00:47:01.109423876,1273.3582331576322,-0.015319999999999999,81799.995,20.18230975763231
2026-09-21 00:47:01.109677553,1273.3582331576322,-0.015319999999999999,81799.995,20.18230975763231
2026-09-21 00:47:14.126476764,1273.3582331576322,-0.015319999999999999,81824.41,19.808271957632314
2026-09-21 00:47:16.696122646,1273.3582331576322,-0.015319999999999999,81824.41,19.808271957632314
2026-09-21 00:47:22.744392633,1273.3582331576322,-0.015319999999999999,81819.99,19.8759863576322
2026-09-21 00:47:25.177137852,1273.3582331576322,-0.015319999999999999,81819.98999999999,19.875986357632428
2026-09-21 00:48:26.480946779,1273.3582331576322,-0.015319999999999999,81829.53,19.72983355763222
2026-09-21 00:48:52.961323977,1273.3582331576322,-0.015319999999999999,81787.475,20.374116157632216
2026-09-21 00:48:53.082181454,1273.3582331576322,-0.015319999999999999,81762.805,20.752060557632376
2026-09-21 00:48:53.561315298,1273.3582331576322,-0.015319999999999999,81739.695,21.106105757632122
2026-09-21 00:48:53.561501980,1273.3582331576322,-0.015319999999999999,81739.695,21.106105757632122
2026-09-21 00:48:53.561613321,1273.3582331576322,-0.015319999999999999,81739.695,21.106105757632122
2026-09-21 00:49:10.551517248,1006.1690171786989,-0.012049999999999998,81710.37,21.559058678699103
2026-09-21 00:49:10.551647425,737.345616392555,-0.008759999999999999,81710.37,21.562775192555137
2026-09-21 00:49:37.384892941,737.345616392555,-0.008759999999999999,81695.005,21.697372592555098
2026-09-21 00:49:48.051836967,737.345616392555,-0.008759999999999999,81663.745,21.97121019255519
2026-09-21 00:49:48.052190781,737.345616392555,-0.008759999999999999,81663.745,21.97121019255519
2026-09-21 00:49:48.052375078,2846.7493283300637,-0.034589999999999996,81663.745,22.000388780063986
2026-09-21 00:49:48.052530289,4105.2050465242955,-0.05,81663.745,22.01779652429559
2026-09-21 00:49:48.052681684,4105.2050465242955,-0.05,81663.745,22.01779652429559
2026-09-21 00:49:48.052817822,4105.2050465242955,-0.05,81663.745,22.01779652429559
2026-09-21 00:49:48.052971363,4105.2050465242955,-0.05,81663.745,22.01779652429559
2026-09-21 00:50:02.499376297,4105.2050465242955,-0.05,81678.41500000001,21.28429652429486
2026-09-21 00:50:07.897144794,4105.2050465242955,-0.05,81639.525,23.22879652429583
2026-09-21 00:50:13.432492256,4105.2050465242955,-0.05,81620.005,24.204796524295034
2026-09-21 00:50:29.335116386,4105.2050465242955,-0.05,81630.005,23.704796524295034
2026-09-21 00:50:45.286482573,4105.2050465242955,-0.05,81624.0,24.005046524295267
2026-09-21 00:50:57.369230747,4105.2050465242955,-0.05,81600.26000000001,25.19204652429471
2026-09-21 00:51:08.115004301,4105.2050465242955,-0.05,81600.005,25.204796524295034
2026-09-21 00:52:20.185139418,4105.2050465242955,-0.05,81727.655,18.822296524295325
2026-09-21 00:52:35.466892719,4105.2050465242955,-0.05,81723.94,19.008046524295423
2026-09-21 00:52:36.997687101,4105.2050465242955,-0.05,81709.57,19.726546524294918
2026-09-21 00:52:36.997891426,4105.2050465242955,-0.05,81709.57,19.726546524294918
2026-09-21 00:57:20.558276176,4105.2050465242955,-0.05,81613.075,24.551296524295594
2026-09-21 00:57:59.884258986,4105.2050465242955,-0.05,81612.18,24.596046524295616
2026-09-21 00:59:00.928252935,4105.2050465242955,-0.05,81627.995,23.8052965242955
2026-09-21 01:00:24.057875872,4105.2050465242955,-0.05,81586.0,25.905046524295358
2026-09-21 01:00:44.943548203,4105.2050465242955,-0.05,81608.7,24.770046524295594
2026-09-21 01:01:38.137097836,4105.2050465242955,-0.05,81598.515,25.279296524295205
2026-09-21 01:01:38.299350023,4105.2050465242955,-0.05,81598.515,25.279296524295205
2026-09-21 01:01:38.334723234,4105.2050465242955,-0.05,81598.515,25.279296524295205
2026-09-21 01:02:16.414884329,4105.2050465242955,-0.05,81527.05,28.85254652429512
2026-09-21 01:02:21.605388880,4105.2050465242955,-0.05,81527.055,28.852296524295525
2026-09-21 01:02:34.857959509,4105.2050465242955,-0.05,81516.33499999999,29.388296524295583
2026-09-21 01:02:34.858267307,4105.2050465242955,-0.05,81516.33499999999,29.388296524295583
2026-09-21 01:02:34.858423948,4105.2050465242955,-0.05,81516.33499999999,29.388296524295583
2026-09-21 01:02:43.289766312,4105.2050465242955,-0.05,81514.065,29.50179652429506
2026-09-21 01:03:13.944693327,4105.2050465242955,-0.05,81546.01000000001,27.9045465242948
2026-09-21 01:03:31.986844301,4105.2050465242955,-0.05,81583.075,26.051296524295594
2026-09-21 01:03:59.927130699,4105.2050465242955,-0.05,81565.33,26.93854652429536
2026-09-21 01:05:05.569554090,4105.2050465242955,-0.05,81594.73,25.46854652429556
2026-09-21 01:07:18.331587315,4105.2050465242955,-0.05,81674.83,21.463546524295452
2026-09-21 01:08:07.030205727,4006.367611788054,-0.04879,81684.95999999999,20.958413388054396
2026-09-21 01:08:33.653211832,4006.367611788054,-0.04879,81736.025,18.466952038054387
2026-09-21 01:09:30.068337202,4006.367611788054,-0.04879,81737.76999999999,18.381813488054377
2026-09-21 01:10:50.945829153,4006.367611788054,-0.04879,81785.57,16.04965148805377
2026-09-21 01:10:50.946035147,4105.329518351813,-0.05,81785.57,16.051018351812672
2026-09-21 01:11:00.610610008,4105.329518351813,-0.05,81798.035,15.427768351812574
2026-09-21 01:11:04.293802500,4105.329518351813,-0.05,81798.035,15.427768351812574
2026-09-21 01:11:10.121914864,4105.329518351813,-0.05,81799.73000000001,15.343018351812134
2026-09-21 01:11:11.871673346,4105.329518351813,-0.05,81799.73000000001,15.343018351812134
2026-09-21 01:11:36.752430677,4105.329518351813,-0.05,81762.015,17.22876835181296
2026-09-21 01:12:07.905060768,4105.329518351813,-0.05,81792.72,15.6935183518126
2026-09-21 01:12:59.075623512,4094.696425704944,-0.049870000000000005,81794.15,15.62216520494394
2026-09-21 01:14:40.112953663,4094.696425704944,-0.049870000000000005,81776.035,16.52556025494323
2026-09-21 01:15:12.546169996,4094.696425704944,-0.049870000000000005,81793.795,15.639869054943574
2026-09-21 01:16:14.920395613,4094.696425704944,-0.049870000000000005,81776.83,16.485913604943562
2026-09-21 01:16:17.733790159,4094.696425704944,-0.049870000000000005,81760.70999999999,17.28981800494421
2026-09-21 01:16:17.733992338,4094.696425704944,-0.049870000000000005,81760.70999999999,17.28981800494421
2026-09-21 01:19:47.526059151,4094.696425704944,-0.049870000000000005,81792.525,15.703203954944001
2026-09-21 01:19:47.526473045,4094.696425704944,-0.049870000000000005,81792.525,15.703203954944001
2026-09-21 01:19:47.689898968,4094.696425704944,-0.049870000000000005,81799.995,15.33067505494364
2026-09-21 01:19:49.852082729,4094.696425704944,-0.049870000000000005,81821.995,14.233535054943786
2026-09-21 01:19:49.852347136,4094.696425704944,-0.049870000000000005,81821.995,14.233535054943786
2026-09-21 01:19:49.852528095,4105.333431908075,-0.05,81821.995,14.233681908075141
2026-09-21 01:20:06.041397572,4105.333431908075,-0.05,81826.875,13.989681908075
2026-09-21 01:20:10.325431824,3991.6040206069383,-0.04861,81820.85,14.292502106938173
2026-09-21 01:21:02.208835602,3991.6040206069383,-0.04861,81834.205,13.643315556937978
2026-09-21 01:21:02.209052563,3991.6040206069383,-0.04861,81834.205,13.643315556937978
2026-09-21 01:21:02.797465086,3991.6040206069383,-0.04861,81834.465,13.63067695693826
2026-09-21 01:21:04.265242815,3991.6040206069383,-0.04861,81862.015,12.291471456938325
2026-09-21 01:21:05.155831337,3991.6040206069383,-0.04861,81854.45499999999,12.658963056938774
2026-09-21 01:21:08.261284112,4105.389718955802,-0.05,81859.08499999999,12.435468955802207
2026-09-21 01:21:08.261482000,4105.389718955802,-0.05,81859.08499999999,12.435468955802207
2026-09-21 01:21:08.261610269,4105.389718955802,-0.05,81859.08499999999,12.435468955802207
2026-09-21 01:21:08.261805773,4105.389718955802,-0.05,81859.08499999999,12.435468955802207
2026-09-21 01:21:08.261917591,4105.389718955802,-0.05,81859.08499999999,12.435468955802207
2026-09-21 01:21:08.262009144,4105.389718955802,-0.05,81859.08499999999,12.435468955802207
2026-09-21 01:21:08.262095450,4105.389718955802,-0.05,81859.08499999999,12.435468955802207
2026-09-21 01:21:08.262182474,4105.389718955802,-0.05,81859.08499999999,12.435468955802207
2026-09-21 01:21:08.262266636,4105.389718955802,-0.05,81859.08499999999,12.435468955802207
2026-09-21 01:21:08.262456417,4105.389718955802,-0.05,81859.08499999999,12.435468955802207
2026-09-21 01:21:08.262601613,4105.389718955802,-0.05,81859.08499999999,12.435468955802207
2026-09-21 01:21:08.262697935,4105.389718955802,-0.05,81859.08499999999,12.435468955802207
2026-09-21 01:21:08.262786627,4105.389718955802,-0.05,81859.08499999999,12.435468955802207
2026-09-21 01:21:08.262875795,4105.389718955802,-0.05,81859.08499999999,12.435468955802207
2026-09-21 01:21:09.954169273,4105.389718955802,-0.05,81870.88,11.845718955801658
2026-09-21 01:21:10.792558670,4105.389718955802,-0.05,81892.3,10.774718955801745
2026-09-21 01:21:10.792749882,4105.389718955802,-0.05,81892.3,10.774718955801745
2026-09-21 01:21:10.792830467,4105.389718955802,-0.05,81892.3,10.774718955801745
2026-09-21 01:21:10.792914152,4105.389718955802,-0.05,81892.3,10.774718955801745
2026-09-21 01:21:10.895126343,4105.389718955802,-0.05,81896.83,10.54821895580153
2026-09-21 01:21:10.895321846,4105.389718955802,-0.05,81896.83,10.54821895580153
2026-09-21 01:21:10.946333170,4105.389718955802,-0.05,81896.83,10.54821895580153
2026-09-21 01:21:12.522722483,4105.389718955802,-0.05,81920.995,9.33996895580185
2026-09-21 01:21:18.978400946,4105.389718955802,-0.05,81920.995,9.33996895580185
2026-09-21 01:21:18.978667974,4105.389718955802,-0.05,81920.995,9.33996895580185
2026-09-21 01:21:19.112563133,4105.389718955802,-0.05,81921.42499999999,9.318468955802018
2026-09-21 01:21:19.156964064,4105.389718955802,-0.05,81921.42499999999,9.318468955802018
2026-09-21 01:21:23.720799685,4105.389718955802,-0.05,81911.055,9.83696895580215
2026-09-21 01:21:25.571644306,4105.389718955802,-0.05,81904.18,10.18071895580215
2026-09-21 01:21:29.791234493,4105.389718955802,-0.05,81898.005,10.489468955801385
2026-09-21 01:21:31.721880436,4105.389718955802,-0.05,81909.95,9.892218955802036
2026-09-21 01:21:31.748756170,4105.389718955802,-0.05,81909.95,9.892218955802036
2026-09-21 01:21:31.748945951,4105.389718955802,-0.05,81909.95,9.892218955802036
2026-09-21 01:21:31.749046326,3845.738758412922,-0.046830000000000004,81909.95,9.895799912921575
2026-09-21 01:21:31.749147177,3022.555113789595,-0.03678000000000001,81909.95,9.90715278959442
2026-09-21 01:22:23.629627228,3022.555113789595,-0.03678000000000001,81925.9,9.320511789594548
2026-09-21 01:22:23.629911661,3022.555113789595,-0.03678000000000001,81925.9,9.320511789594548
2026-09-21 01:22:49.522039889,3022.555113789595,-0.03678000000000001,81933.1,9.05569578959421
2026-09-21 01:22:49.524148941,3033.206563642726,-0.036910000000000005,81933.1,9.055842642725565
2026-09-21 01:22:49.574338198,4105.725629623387,-0.05,81933.1,9.070629623386594
2026-09-21 01:22:49.598956823,4105.725629623387,-0.05,81957.08499999999,7.871379623387838
2026-09-21 01:22:49.599087477,4105.725629623387,-0.05,81957.08499999999,7.871379623387838
2026-09-21 01:22:50.310326099,4105.725629623387,-0.05,81962.995,7.575879623387664
2026-09-21 01:22:51.249592304,4105.725629623387,-0.05,81962.995,7.575879623387664
2026-09-21 01:22:51.517118930,4105.725629623387,-0.05,81968.405,7.305379623387125
2026-09-21 01:22:52.845458984,4105.725629623387,-0.05,81973.955,7.02787962338698
2026-09-21 01:22:53.913226128,4105.725629623387,-0.05,81988.68,6.291629623387053
2026-09-21 01:22:53.913504839,4105.725629623387,-0.05,81988.68,6.291629623387053
2026-09-21 01:22:53.913667679,4105.725629623387,-0.05,81988.68,6.291629623387053
2026-09-21 01:22:53.913856030,4105.725629623387,-0.05,81988.68,6.291629623387053
2026-09-21 01:22:53.914004326,4105.725629623387,-0.05,81988.68,6.291629623387053
2026-09-21 01:22:53.914122581,4105.725629623387,-0.05,81988.68,6.291629623387053
2026-09-21 01:22:53.925429344,4105.725629623387,-0.05,81988.68,6.291629623387053
2026-09-21 01:22:53.976428032,4105.725629623387,-0.05,81988.68,6.291629623387053
2026-09-21 01:22:53.976632118,4105.725629623387,-0.05,81988.68,6.291629623387053
2026-09-21 01:22:53.976831436,4105.725629623387,-0.05,81988.68,6.291629623387053
2026-09-21 01:22:53.976950645,4105.725629623387,-0.05,81988.68,6.291629623387053
2026-09-21 01:22:53.977056265,4105.725629623387,-0.05,81988.68,6.291629623387053
2026-09-21 01:22:53.977233648,4105.725629623387,-0.05,81988.68,6.291629623387053
2026-09-21 01:22:53.977425337,4105.725629623387,-0.05,81988.68,6.291629623387053
2026-09-21 01:22:53.989853621,4105.725629623387,-0.05,81988.68,6.291629623387053
2026-09-21 01:22:53.990058661,4105.725629623387,-0.05,81988.68,6.291629623387053
2026-09-21 01:22:53.990165472,4105.725629623387,-0.05,81988.68,6.291629623387053
2026-09-21 01:22:53.990373373,4105.725629623387,-0.05,81988.68,6.291629623387053
2026-09-21 01:22:53.990490198,4105.725629623387,-0.05,81988.68,6.291629623387053
2026-09-21 01:22:53.990580797,4105.725629623387,-0.05,81988.68,6.291629623387053
2026-09-21 01:22:53.990666866,4105.725629623387,-0.05,81988.68,6.291629623387053
2026-09-21 01:22:53.990749836,4105.725629623387,-0.05,81988.68,6.291629623387053
2026-09-21 01:22:53.990834713,4105.725629623387,-0.05,81988.68,6.291629623387053
2026-09-21 01:22:53.990923405,4105.725629623387,-0.05,81988.68,6.291629623387053
2026-09-21 01:22:53.991004944,4105.725629623387,-0.05,81988.68,6.291629623387053
2026-09-21 01:22:53.991094589,4105.725629623387,-0.05,81988.68,6.291629623387053
2026-09-21 01:22:54.111258507,4105.725629623387,-0.05,82014.61499999999,4.994879623387533
2026-09-21 01:22:54.111452341,4105.725629623387,-0.05,82014.61499999999,4.994879623387533
2026-09-21 01:22:54.112003565,4105.725629623387,-0.05,82014.61499999999,4.994879623387533
2026-09-21 01:22:54.112169981,4105.725629623387,-0.05,82014.61499999999,4.994879623387533
2026-09-21 01:22:54.222828627,3835.897479287243,-0.04671,82015.765,4.941096137243221
2026-09-21 01:22:56.956865549,3835.897479287243,-0.04671,82035.41500000001,4.023244637242897
2026-09-21 01:22:56.957064390,4036.06664820755,-0.04915,82035.41500000001,4.026000957549513
2026-09-21 01:22:56.960762024,4105.7977111511,-0.05,82035.41500000001,4.0269611510993855
2026-09-21 01:22:57.581876040,4105.7977111511,-0.05,82045.705,3.5124611511000694
2026-09-21 01:22:58.205894470,4105.7977111511,-0.05,82045.44,3.5257111511000403
2026-09-21 01:22:58.206100225,4105.7977111511,-0.05,82045.44,3.5257111511000403
2026-09-21 01:22:58.802926540,4105.7977111511,-0.05,81999.185,5.838461151100091
2026-09-21 01:22:58.903085709,4105.7977111511,-0.05,82004.35,5.58021115109932
2026-09-21 01:22:58.903284550,4105.7977111511,-0.05,82004.35,5.58021115109932
2026-09-21 01:22:58.903383017,4105.7977111511,-0.05,82004.35,5.58021115109932
2026-09-21 01:22:58.903584242,4105.7977111511,-0.05,82004.35,5.58021115109932
2026-09-21 01:22:59.370277643,4093.4974898470205,-0.049850000000000005,82002.60500000001,5.667630597019524
2026-09-21 01:22:59.938754797,4093.4974898470205,-0.049850000000000005,82001.95000000001,5.700282347019311
2026-09-21 01:22:59.939046383,3929.4958491259604,-0.047850000000000004,82001.95000000001,5.702541625959384
2026-09-21 01:22:59.939232588,2358.3601310182044,-0.028690000000000004,82001.95000000001,5.72418551820374
2026-09-21 01:23:00.788470030,2358.3601310182044,-0.028690000000000004,82001.935,5.724615868204182
2026-09-21 01:23:00.788665771,2358.3601310182044,-0.028690000000000004,82001.935,5.724615868204182
2026-09-21 01:23:00.788818121,2157.4581578849056,-0.026240000000000003,82001.935,5.727383484905658
2026-09-21 01:23:00.788952589,1897.5156048920253,-0.023070000000000004,82001.935,5.73096444202497
2026-09-21 01:23:00.789047241,896.2857714399534,-0.010860000000000003,82001.935,5.744757339953139
2026-09-21 01:23:01.092142344,1097.1540430566547,-0.013310000000000002,81985.92,5.921447856654595
2026-09-21 01:23:01.092340231,1365.2516953777215,-0.01658,81985.92,5.925141777721365
2026-09-21 01:23:01.092453003,1662.8646855689974,-0.020210000000000002,81985.92,5.929242368997166
2026-09-21 01:23:01.092553616,3792.0683647060323,-0.04618,81985.92,5.95857910603263
2026-09-21 01:23:01.092647791,4105.258894328807,-0.05,81985.92,5.962894328807124
2026-09-21 01:23:01.092739582,4105.258894328807,-0.05,81985.92,5.962894328807124
2026-09-21 01:23:01.511028290,4042.1305095011994,-0.04923,81986.04500000001,5.957514151198666
2026-09-21 01:23:03.574624777,4042.1305095011994,-0.04923,82007.70999999999,4.8909462011997675
2026-09-21 01:23:05.097250223,4054.43057169712,-0.04938,81999.285,5.3058783971196135
2026-09-21 01:23:09.787460089,4054.43057169712,-0.04938,82045.705,3.0136587971196604
2026-09-21 01:23:10.979721069,4054.43057169712,-0.04938,82045.705,3.0136587971196604
2026-09-21 01:23:12.721470118,4054.43057169712,-0.04938,82051.85500000001,2.709971797119124
2026-09-21 01:23:13.950974464,4054.43057169712,-0.04938,82068.065,1.9095219971195547
2026-09-21 01:23:13.951256514,4054.43057169712,-0.04938,82068.065,1.9095219971195547
2026-09-21 01:23:19.106168985,4054.43057169712,-0.04938,82076.29000000001,1.5033714971195877
2026-09-21 01:23:19.106561184,4054.43057169712,-0.04938,82076.29000000001,1.5033714971195877
2026-09-21 01:23:21.485452890,4054.43057169712,-0.04938,82076.555,1.4902857971201229
2026-09-21 01:23:21.486096859,4054.43057169712,-0.04938,82076.555,1.4902857971201229
2026-09-21 01:23:32.018871069,4054.43057169712,-0.04938,82040.545,3.2684595971199997
2026-09-21 01:23:32.019155264,4054.43057169712,-0.04938,82040.545,3.2684595971199997
2026-09-21 01:23:32.197066069,4054.43057169712,-0.04938,82040.545,3.2684595971199997
2026-09-21 01:23:32.197296619,4054.43057169712,-0.04938,82040.545,3.2684595971199997
2026-09-21 01:23:32.357678652,4105.283498473591,-0.05,82019.72,4.297498473591077
2026-09-21 01:23:37.859902859,4105.283498473591,-0.05,81995.925,5.4872484735906255
2026-09-21 01:23:39.900012493,4105.283498473591,-0.05,81995.93,5.486998473591484
2026-09-21 01:23:39.900250435,4105.283498473591,-0.05,81995.93,5.486998473591484
2026-09-21 01:23:39.900417566,4105.283498473591,-0.05,81995.93,5.486998473591484
2026-09-21 01:23:39.900569201,4105.283498473591,-0.05,81995.93,5.486998473591484
2026-09-21 01:23:39.900727034,4105.283498473591,-0.05,81995.93,5.486998473591484
2026-09-21 01:23:39.900839567,4105.283498473591,-0.05,81995.93,5.486998473591484
2026-09-21 01:23:39.900951862,4105.283498473591,-0.05,81995.93,5.486998473591484
2026-09-21 01:23:39.901124954,4105.283498473591,-0.05,81995.93,5.486998473591484
2026-09-21 01:23:39.901322842,4105.283498473591,-0.05,81995.93,5.486998473591484
2026-09-21 01:23:40.535144091,4105.283498473591,-0.05,81996.055,5.48074847359112
2026-09-21 01:23:45.979163408,4105.283498473591,-0.05,81980.03,6.281998473590647
2026-09-21 01:24:04.701143265,4105.283498473591,-0.05,81890.54000000001,10.756498473590455
2026-09-21 01:24:04.701589108,4105.283498473591,-0.05,81890.54000000001,10.756498473590455
2026-09-21 01:24:05.224368095,4105.283498473591,-0.05,81890.54000000001,10.756498473590455
2026-09-21 01:24:05.988849878,4105.283498473591,-0.05,81890.475,10.759748473590662
2026-09-21 01:24:05.995240211,4105.283498473591,-0.05,81890.475,10.759748473590662
2026-09-21 01:24:12.820830822,4105.283498473591,-0.05,81890.275,10.76974847359088
2026-09-21 01:24:14.540912151,4105.283498473591,-0.05,81844.21,13.07299847359036
2026-09-21 01:24:14.541115761,4105.283498473591,-0.05,81844.21,13.07299847359036
2026-09-21 01:24:14.541514158,4105.283498473591,-0.05,81844.21,13.07299847359036
2026-09-21 01:24:14.541670799,4105.283498473591,-0.05,81844.21,13.07299847359036
2026-09-21 01:24:22.429399252,4105.283498473591,-0.05,81806.11,14.97799847359056
2026-09-21 01:24:43.792100668,4105.283498473591,-0.05,81831.58499999999,13.704248473591178
2026-09-21 01:24:58.151689053,4105.283498473591,-0.05,81817.11,14.427998473590833
2026-09-21 01:25:40.374011040,4105.283498473591,-0.05,81901.995,10.183748473591095
2026-09-21 01:26:15.229034901,4105.283498473591,-0.05,81887.065,10.930248473590837
2026-09-21 01:26:16.440186262,4105.283498473591,-0.05,81849.465,12.810248473590946
2026-09-21 01:26:16.440474510,4105.283498473591,-0.05,81849.465,12.810248473590946
2026-09-21 01:26:46.472338676,4105.283498473591,-0.05,81807.945,14.886248473590513
2026-09-21 01:26:47.076636076,4105.283498473591,-0.05,81800.005,15.283248473590447
2026-09-21 01:26:51.510397911,4105.283498473591,-0.05,81714.005,19.58324847359063
2026-09-21 01:26:51.511612892,4105.283498473591,-0.05,81714.005,19.58324847359063
2026-09-21 01:26:51.981638432,4105.283498473591,-0.05,81700.005,20.283248473590447
2026-09-21 01:26:52.102247715,4105.283498473591,-0.05,81700.005,20.283248473590447
2026-09-21 01:26:52.106445074,4105.283498473591,-0.05,81700.005,20.283248473590447
2026-09-21 01:26:54.134755850,4105.283498473591,-0.05,81654.51000000001,22.557998473590487
2026-09-21 01:26:55.532254934,4105.283498473591,-0.05,81647.66500000001,22.90024847359018
2026-09-21 01:26:56.668163776,4105.283498473591,-0.05,81643.715,23.097748473590855
2026-09-21 01:26:58.194789886,4105.283498473591,-0.05,81637.83499999999,23.39174847359118
2026-09-21 01:27:01.157217979,4105.283498473591,-0.05,81600.005,25.283248473590447
2026-09-21 01:27:02.796498060,4105.283498473591,-0.05,81581.465,26.210248473591037
2026-09-21 01:27:02.980229855,4105.283498473591,-0.05,81581.465,26.210248473591037
2026-09-21 01:27:04.209407568,4105.283498473591,-0.05,81581.465,26.210248473591037
2026-09-21 01:27:34.627153397,4065.2941940469314,-0.049510000000000005,81611.955,24.68630199693098
2026-09-21 01:27:41.560204744,4085.688817706799,-0.049760000000000006,81577.36499999999,26.399135306799053
2026-09-21 01:28:14.159322739,4085.688817706799,-0.049760000000000006,81525.67499999999,28.971229706799022
2026-09-21 01:28:46.791413784,4085.688817706799,-0.049760000000000006,81519.23,29.291932906798593
2026-09-21 01:30:06.895080566,4085.688817706799,-0.049760000000000006,81584.015,26.06823130679868
2026-09-21 01:30:07.899192333,4085.688817706799,-0.049760000000000006,81581.465,26.195119306798915
2026-09-21 01:30:46.826842308,4085.688817706799,-0.049760000000000006,81609.64499999999,24.792882506799288
2026-09-21 01:32:04.921905041,4085.688817706799,-0.049760000000000006,81506.375,29.931597706798584
2026-09-21 01:32:23.182722807,4085.688817706799,-0.049760000000000006,81525.995,28.955306506798934
2026-09-21 01:32:30.884536028,4085.688817706799,-0.049760000000000006,81502.70999999999,30.113968106798893
2026-09-21 01:32:30.884824753,4085.688817706799,-0.049760000000000006,81502.70999999999,30.113968106798893
2026-09-21 01:32:31.092387676,4085.688817706799,-0.049760000000000006,81500.005,30.248568906798482
2026-09-21 01:32:34.761648893,4105.227083220271,-0.05,81408.31,34.81158322027113
2026-09-21 01:32:35.688263655,4105.227083220271,-0.05,81410.005,34.72683322027069
2026-09-21 01:32:37.862317562,4105.227083220271,-0.05,81400.005,35.22683322027069
2026-09-21 01:32:38.570998669,4105.227083220271,-0.05,81392.35500000001,35.6093332202704
2026-09-21 01:32:44.015542269,4105.227083220271,-0.05,81370.005,36.72683322027069
2026-09-21 01:32:44.796591759,4105.227083220271,-0.05,81379.16,36.26908322027066
2026-09-21 01:32:54.446961880,4105.227083220271,-0.05,81345.505,37.9518332202706
2026-09-21 01:32:54.462513447,3837.604088284127,-0.04671,81345.505,37.955549734126635
2026-09-21 01:32:54.462813854,3799.372231864678,-0.04624,81345.505,37.9560806646773
2026-09-21 01:32:54.463159084,3788.797463067809,-0.046110000000000005,81345.505,37.95622751780866
2026-09-21 01:32:55.009500504,3788.797463067809,-0.046110000000000005,81298.57500000001,40.120169817808346
2026-09-21 01:32:55.058605909,3788.797463067809,-0.046110000000000005,81298.57500000001,40.120169817808346
2026-09-21 01:32:55.058802605,3788.797463067809,-0.046110000000000005,81298.57500000001,40.120169817808346
2026-09-21 01:32:55.058900595,3522.9548167388757,-0.04284,81298.57500000001,40.123863738875116
2026-09-21 01:32:55.058987856,3503.4434298523483,-0.042600000000000006,81298.57500000001,40.1241348523472
2026-09-21 01:32:55.059073448,3492.8747619554792,-0.04247000000000001,81298.57500000001,40.1242817054781
2026-09-21 01:32:55.059159040,3324.5890500591822,-0.040400000000000005,81298.57500000001,40.12662005918128
2026-09-21 01:32:55.059246540,2988.830600720193,-0.036270000000000004,81298.57500000001,40.131285470192324
2026-09-21 01:32:55.394293070,3118.869760143345,-0.03787,81273.345,41.048184993344876
2026-09-21 01:32:59.132575989,3118.869760143345,-0.03787,81338.34,38.58682434334514
2026-09-21 01:33:12.260780811,3118.869760143345,-0.03787,81392.495,36.53597449334529
2026-09-21 01:33:13.252857447,3118.869760143345,-0.03787,81427.99,35.191778843344764
2026-09-21 01:33:13.253064394,3118.869760143345,-0.03787,81427.99,35.191778843344764
2026-09-21 01:33:18.491323471,3118.869760143345,-0.03787,81408.29999999999,35.93743914334527
2026-09-21 01:33:34.099670887,3118.869760143345,-0.03787,81444.06,34.58320794334486
2026-09-21 01:33:34.099855423,3118.869760143345,-0.03787,81444.06,34.58320794334486
2026-09-21 01:33:34.099988461,3284.2034951114692,-0.0399,81444.06,34.58550111146951
2026-09-21 01:33:47.357798338,3284.2034951114692,-0.0399,81444.115,34.5833066114692
2026-09-21 01:33:58.316303015,3284.2034951114692,-0.0399,81472.04999999999,33.46870011146984
2026-09-21 01:34:56.939986706,3284.2034951114692,-0.0399,81348.125,38.41330761146946
2026-09-21 01:35:09.322388172,3284.2034951114692,-0.0399,81378.89,37.185784111469275
2026-09-21 01:35:46.466130733,3284.2034951114692,-0.0399,81405.935,36.10668861146951
2026-09-21 01:36:30.033419847,3284.2034951114692,-0.0399,81427.495,35.24644461146954
2026-09-21 01:36:36.740630388,3284.2034951114692,-0.0399,81422.755,35.4355706114693
2026-09-21 01:36:43.885846853,3284.2034951114692,-0.0399,81422.75,35.43577011146954
2026-09-21 01:39:00.885331631,3284.2034951114692,-0.0399,81385.98999999999,36.90249411146988
2026-09-21 01:39:54.285372257,3284.2034951114692,-0.0399,81414.09,35.78130411146958
2026-09-21 01:40:52.863394499,3284.2034951114692,-0.0399,81393.98,36.58369311146953
2026-09-21 01:43:14.013904333,3284.2034951114692,-0.0399,81463.41500000001,33.813236611469165
2026-09-21 01:43:55.690287113,3284.2034951114692,-0.0399,81465.73999999999,33.72046911146981
2026-09-21 01:43:55.690496206,3284.2034951114692,-0.0399,81465.73999999999,33.72046911146981
2026-09-21 01:43:55.690602541,3284.2034951114692,-0.0399,81465.73999999999,33.72046911146981
2026-09-21 01:45:59.340022802,3284.2034951114692,-0.0399,81473.94,33.39328911146913
2026-09-21 01:45:59.340386629,3284.2034951114692,-0.0399,81473.94,33.39328911146913
2026-09-21 01:46:08.223278761,3284.2034951114692,-0.0399,81415.91500000001,35.7084866114692
2026-09-21 01:46:08.223480463,3284.2034951114692,-0.0399,81415.91500000001,35.7084866114692
2026-09-21 01:47:09.534454823,3284.2034951114692,-0.0399,81378.88,37.18618311146929
2026-09-21 01:49:54.241141558,3284.2034951114692,-0.0399,81288.015,40.811696611469415
2026-09-21 01:50:16.408886433,3533.753002954642,-0.042969999999999994,81285.35500000001,40.921298604641834
2026-09-21 01:50:41.555979967,3533.753002954642,-0.042969999999999994,81260.775,41.97750120464252
2026-09-21 01:50:48.222072124,3533.753002954642,-0.042969999999999994,81231.595,43.23136580464234
2026-09-21 01:50:54.565982819,3533.753002954642,-0.042969999999999994,81200.005,44.58878810464239
2026-09-21 01:50:54.566117048,3533.753002954642,-0.042969999999999994,81200.005,44.58878810464239
2026-09-21 01:50:54.566212654,3533.753002954642,-0.042969999999999994,81200.005,44.58878810464239
2026-09-21 01:50:54.566319704,3523.197149157773,-0.042839999999999996,81200.005,44.588934957772835
2026-09-21 01:50:54.858685493,3523.197149157773,-0.042839999999999996,81172.715,45.75803855777349
2026-09-21 01:50:57.386637926,3523.197149157773,-0.042839999999999996,81166.61499999999,46.01936255777355
2026-09-21 01:50:57.398780346,3512.645636060904,-0.04271,81166.61499999999,46.01950941090445
2026-09-21 01:50:58.200873137,3512.645636060904,-0.04271,81131.37,47.52482336090452
2026-09-21 01:51:02.369533777,3514.2684146536935,-0.04273,81137.79999999999,47.250220653694214
2026-09-21 01:51:02.640209675,3514.2684146536935,-0.04273,81135.805,47.33546700369425
2026-09-21 01:51:04.387902021,3514.2684146536935,-0.04273,81131.11499999999,47.535870703693945
2026-09-21 01:51:04.503098726,3514.2684146536935,-0.04273,81129.92499999999,47.58671940369413
2026-09-21 01:51:08.832174063,3514.2684146536935,-0.04273,81097.61499999999,48.967325703694314
2026-09-21 01:51:09.039530516,3478.5928338950603,-0.042289999999999994,81081.995,49.635265345060816
2026-09-21 01:51:09.044913054,3212.6475955125215,-0.039009999999999996,81081.995,49.63897056252199
2026-09-21 01:51:09.045139313,3202.1070830156527,-0.03888,81081.995,49.63911741565289
2026-09-21 01:51:09.045246124,3163.9990762962034,-0.03841,81081.995,49.63964834620356
2026-09-21 01:51:09.068316460,2897.2430292600593,-0.03512,81081.995,49.64336486005959
2026-09-21 01:51:09.169075966,2897.2430292600593,-0.03512,81051.33499999999,50.72014406005974
2026-09-21 01:51:09.403599262,2897.2430292600593,-0.03512,81044.67499999999,50.954043260059734
2026-09-21 01:51:09.567481518,2897.2430292600593,-0.03512,81030.63500000001,51.447128060059185
2026-09-21 01:51:09.616603613,2897.2430292600593,-0.03512,81030.63500000001,51.447128060059185
2026-09-21 01:51:09.933406115,2897.2430292600593,-0.03512,81030.63500000001,51.447128060059185
2026-09-21 01:51:10.175869226,2964.4790174108193,-0.035949999999999996,81006.08499999999,52.31026166081983
2026-09-21 01:51:10.223329782,3230.9927535746756,-0.03924,81006.08499999999,52.31397817467632
2026-09-21 01:51:10.863325834,3288.503743768699,-0.03995,81000.265,52.543157018699276
2026-09-21 01:51:13.406584501,3288.503743768699,-0.03995,81000.005,52.553544018699085
2026-09-21 01:51:13.406803370,3288.503743768699,-0.03995,81000.005,52.553544018699085
2026-09-21 01:51:13.406951904,3288.503743768699,-0.03995,81000.005,52.553544018699085
2026-09-21 01:51:14.114278555,3288.503743768699,-0.03995,81000.005,52.553544018699085
2026-09-21 01:51:15.080334663,3288.503743768699,-0.03995,81000.265,52.543157018699276
2026-09-21 01:51:34.637029648,3288.503743768699,-0.03995,81000.005,52.553544018699085
2026-09-21 01:51:34.637279987,3288.503743768699,-0.03995,81000.005,52.553544018699085
2026-09-21 01:51:34.684948921,3277.9738899718304,-0.03982,81000.005,52.553690871829986
2026-09-21 01:51:35.243463278,3279.59338336462,-0.03984,80973.54000000001,53.60754976461976
2026-09-21 01:51:43.089441061,3279.59338336462,-0.03984,80963.64499999999,54.00176656462054
2026-09-21 01:51:43.419927835,3279.59338336462,-0.03984,80931.38500000001,55.28700496461943
2026-09-21 01:51:43.420175552,3269.072450167751,-0.03971,80931.38500000001,55.28715181775033
2026-09-21 01:51:43.420278311,3259.3608195244874,-0.03959,80931.38500000001,55.28728737448682
2026-09-21 01:51:43.783487797,3389.620525444034,-0.0412,80905.51999999999,56.313101444034146
2026-09-21 01:51:49.898315430,3391.238985736823,-0.04122,80921.88500000001,55.63888603682244
2026-09-21 01:51:57.051335573,3391.238985736823,-0.04122,80971.045,53.612510836823276
2026-09-21 01:51:57.051672935,3391.238985736823,-0.04122,80971.045,53.612510836823276
2026-09-21 01:51:57.051784039,4102.17467907137,-0.05,80971.045,53.622429071369424
2026-09-21 01:52:02.351560354,2684.7425727620935,-0.0325,80997.25,52.33194776209348
2026-09-21 01:52:58.917179823,2684.7425727620935,-0.0325,81040.255,50.934285262093
2026-09-21 01:53:05.977869987,2684.7425727620935,-0.0325,80989.32500000001,52.58951026209297
2026-09-21 01:53:05.978349924,2949.5813594331603,-0.03577,80989.32500000001,52.59320418315974
2026-09-21 01:53:20.331959248,2949.5813594331603,-0.03577,81021.485,51.44284098315984
2026-09-21 01:53:20.332162142,2949.5813594331603,-0.03577,81021.485,51.44284098315984
2026-09-21 01:53:35.056158543,3217.628915089806,-0.039080000000000004,80980.005,52.9303196898054
2026-09-21 01:56:18.012548685,3217.628915089806,-0.039080000000000004,80896.655,56.1876376898058
2026-09-21 01:56:41.254837513,3217.628915089806,-0.039080000000000004,80914.9,55.474623089805846
2026-09-21 01:58:13.571934462,3193.296565981647,-0.03878,81108.95999999999,47.89109718164718
2026-09-21 01:58:16.227869987,3417.933814582979,-0.041550000000000004,81095.35,48.4220220829784
2026-09-21 01:58:19.809408665,3417.933814582979,-0.041550000000000004,81092.42,48.5437635829785
2026-09-21 01:58:20.322405100,3417.933814582979,-0.041550000000000004,81092.42,48.5437635829785
2026-09-21 01:59:11.418953657,3417.933814582979,-0.041550000000000004,81037.475,50.82672833297829
2026-09-21 01:59:11.419238567,3417.933814582979,-0.041550000000000004,81037.475,50.82672833297829
2026-09-21 01:59:30.180598974,3417.933814582979,-0.041550000000000004,80999.9,52.38796958297871
2026-09-21 01:59:53.413919449,3401.730923510873,-0.041350000000000005,81015.58499999999,51.73648376087294
2026-09-21 01:59:54.354815722,3401.730923510873,-0.041350000000000005,81007.065,52.08878576087227
2026-09-21 02:00:10.891682148,3401.730923510873,-0.041350000000000005,81018.25,51.62628601087226
2026-09-21 02:00:10.891913891,3401.730923510873,-0.041350000000000005,81018.25,51.62628601087226
2026-09-21 02:02:11.774585485,3401.730923510873,-0.041350000000000005,81046.01,50.47841001087272
2026-09-21 02:02:37.366997480,3401.730923510873,-0.041350000000000005,81095.875,48.416492260872474
2026-09-21 02:02:49.541759014,3670.0912576175183,-0.044660000000000005,81074.5,49.30408761751778
2026-09-21 02:02:49.542089939,4103.035119892287,-0.05,81074.5,49.31011989228682
2026-09-21 02:02:49.542258978,4103.035119892287,-0.05,81074.5,49.31011989228682
2026-09-21 02:02:49.542421579,4103.035119892287,-0.05,81074.5,49.31011989228682
2026-09-21 02:02:49.542538404,4103.035119892287,-0.05,81074.5,49.31011989228682
2026-09-21 02:02:49.542633533,4103.035119892287,-0.05,81074.5,49.31011989228682
2026-09-21 02:02:55.119081974,4103.035119892287,-0.05,81147.05,45.682619892286766
2026-09-21 02:02:55.119283438,4103.035119892287,-0.05,81147.05,45.682619892286766
2026-09-21 02:02:55.247066259,4103.035119892287,-0.05,81166.36499999999,44.71686989228738
2026-09-21 02:02:59.400161505,4103.035119892287,-0.05,81199.995,43.035369892287235
2026-09-21 02:02:59.400367260,4103.035119892287,-0.05,81199.995,43.035369892287235
2026-09-21 02:02:59.545060635,4103.035119892287,-0.05,81218.2,42.12511989228733
2026-09-21 02:04:17.496414423,4103.035119892287,-0.05,81218.73999999999,42.098119892287286
2026-09-21 02:04:29.021718025,4103.035119892287,-0.05,81218.735,42.09836989228688
2026-09-21 02:04:30.021721601,4103.035119892287,-0.05,81218.735,42.09836989228688
2026-09-21 02:04:31.020700693,4103.035119892287,-0.05,81218.735,42.09836989228688
2026-09-21 02:05:14.959777117,4103.035119892287,-0.05,81255.205,40.274869892286915
2026-09-21 02:05:18.299971581,4103.035119892287,-0.05,81269.905,39.53986989228724
2026-09-21 02:05:31.665414572,4103.035119892287,-0.05,81242.03,40.93361989228697
2026-09-21 02:05:31.665622473,3866.624099843145,-0.04709,81242.03,40.93690714314516
2026-09-21 02:05:50.213779688,3866.624099843145,-0.04709,81235.975,41.222037093144536
2026-09-21 02:06:20.893958092,3866.624099843145,-0.04709,81230.005,41.50316439314474
2026-09-21 02:06:21.112165928,3866.624099843145,-0.04709,81230.005,41.50316439314474
2026-09-21 02:06:21.220833302,3866.624099843145,-0.04709,81230.005,41.50316439314474
2026-09-21 02:06:21.499903202,3866.624099843145,-0.04709,81223.42499999999,41.813016593145676
2026-09-21 02:06:26.526426315,3866.624099843145,-0.04709,81218.735,42.033868693144996
2026-09-21 02:06:49.012769699,3866.624099843145,-0.04709,81184.005,43.66930439314456
2026-09-21 02:07:28.504508018,3866.624099843145,-0.04709,81196.08499999999,43.1004571931453
2026-09-21 02:07:55.560951471,3866.624099843145,-0.04709,81204.015,42.72703349314497
2026-09-21 02:09:36.061610699,3866.624099843145,-0.04709,81288.07,38.76888354314451
2026-09-21 02:09:52.006726980,3871.5013951215133,-0.04715,81287.125,38.813451371513565
2026-09-21 02:09:52.006926060,3929.216055915537,-0.04786,81287.125,38.81425341553677
2026-09-21 02:10:24.889572382,4103.178656044002,-0.05,81289.805,38.68840604400248
2026-09-21 02:11:16.018645287,4103.178656044002,-0.05,81289.995,38.67890604400236
2026-09-21 02:11:19.405949593,4103.178656044002,-0.05,81272.015,39.57790604400225
2026-09-21 02:11:19.406146765,4103.178656044002,-0.05,81272.015,39.57790604400225
2026-09-21 02:11:19.410917282,4103.178656044002,-0.05,81272.015,39.57790604400225
2026-09-21 02:11:19.579882383,4103.178656044002,-0.05,81292.32500000001,38.562406044001364
2026-09-21 02:11:19.580090761,4103.178656044002,-0.05,81292.32500000001,38.562406044001364
2026-09-21 02:11:46.372853041,4103.178656044002,-0.05,81331.755,36.59090604400171
2026-09-21 02:11:49.819286108,4103.178656044002,-0.05,81319.975,37.179906044001655
2026-09-21 02:11:59.796512604,4103.178656044002,-0.05,81315.98000000001,37.37965604400142
2026-09-21 02:11:59.796728373,4103.178656044002,-0.05,81315.98000000001,37.37965604400142
2026-09-21 02:12:05.387238503,4103.178656044002,-0.05,81307.66,37.795656044002044
2026-09-21 02:12:33.231830597,4103.178656044002,-0.05,81331.805,36.58840604400257
2026-09-21 02:12:49.718970299,4103.178656044002,-0.05,81352.475,35.554906044001655
2026-09-21 02:12:49.719229937,4103.178656044002,-0.05,81352.475,35.554906044001655
2026-09-21 02:12:49.719367027,4103.178656044002,-0.05,81352.475,35.554906044001655
2026-09-21 02:13:03.108613491,4103.178656044002,-0.05,81352.42499999999,35.55740604400262
2026-09-21 02:13:09.075560331,4103.178656044002,-0.05,81353.275,35.5149060440026
2026-09-21 02:14:49.065106630,4103.178656044002,-0.05,81347.95000000001,35.781156044001364
2026-09-21 02:16:17.224980593,4103.178656044002,-0.05,81322.0,37.078656044001946
2026-09-21 02:16:47.737273693,4103.178656044002,-0.05,81337.275,36.31490604400233
2026-09-21 02:17:44.895400763,4103.178656044002,-0.05,81365.295,34.91390604400203
2026-09-21 02:17:55.055507183,4103.178656044002,-0.05,81365.23,34.91715604400224
2026-09-21 02:17:55.055707455,4103.178656044002,-0.05,81365.23,34.91715604400224
2026-09-21 02:19:36.368140697,4103.178656044002,-0.05,81365.41500000001,34.90790604400172
2026-09-21 02:19:36.380160809,4103.178656044002,-0.05,81365.41500000001,34.90790604400172
2026-09-21 02:19:36.380394936,4103.178656044002,-0.05,81365.41500000001,34.90790604400172
2026-09-21 02:19:36.380506039,4103.178656044002,-0.05,81365.41500000001,34.90790604400172
2026-09-21 02:19:37.033090353,4103.178656044002,-0.05,81399.045,33.22640604400203
2026-09-21 02:19:37.033298016,4103.178656044002,-0.05,81399.045,33.22640604400203
2026-09-21 02:19:50.739243507,4103.178656044002,-0.05,81432.545,31.551406044002306
2026-09-21 02:19:50.835316181,4103.178656044002,-0.05,81448.37,30.760156044002542
2026-09-21 02:20:08.530409574,4103.178656044002,-0.05,81449.04999999999,30.72615604400289
2026-09-21 02:20:08.530608892,4103.178656044002,-0.05,81449.04999999999,30.72615604400289
2026-09-21 02:20:19.197654486,4103.178656044002,-0.05,81455.88,30.384656044001986
2026-09-21 02:20:38.587059259,3940.262125322942,-0.048,81459.39499999999,30.211165322942634
2026-09-21 02:23:04.038129568,3940.262125322942,-0.048,81466.035,29.892445322941967
2026-09-21 02:23:35.060297489,3940.262125322942,-0.048,81459.98,30.183085322942134
2026-09-21 02:23:36.002051592,3940.262125322942,-0.048,81449.995,30.66236532294215
2026-09-21 02:24:30.345048904,3940.262125322942,-0.048,81483.99,29.030605322941938
2026-09-21 02:24:30.345256567,3940.262125322942,-0.048,81483.99,29.030605322941938
2026-09-21 02:24:30.345388174,3874.261008430913,-0.04719,81483.99,29.031520330912826
2026-09-21 02:26:23.460438967,3874.261008430913,-0.04719,81499.26999999999,28.310457130913164
2026-09-21 02:27:04.419672728,3874.261008430913,-0.04719,81499.525,28.298423680912947
2026-09-21 02:27:40.087537527,3874.261008430913,-0.04719,81469.935,29.694775780913005
2026-09-21 02:27:46.899083853,3874.261008430913,-0.04719,81462.005,30.068992480912584
2026-09-21 02:27:51.120473623,3874.261008430913,-0.04719,81460.005,30.163372480912585
2026-09-21 02:28:03.492268324,3874.261008430913,-0.04719,81451.06,30.5854870309131
2026-09-21 02:29:31.430523396,3874.261008430913,-0.04719,81432.01000000001,31.48445653091221
2026-09-21 02:30:09.080990314,3874.261008430913,-0.04719,81428.035,31.67203678091255
2026-09-21 02:31:16.197366476,3874.261008430913,-0.04719,81360.01000000001,34.88213653091225
2026-09-21 02:31:34.022273064,3874.261008430913,-0.04719,81350.045,35.35238488091272
2026-09-21 02:31:34.078811407,3874.261008430913,-0.04719,81330.22,36.28792663091281
2026-09-21 02:31:35.228629589,3874.261008430913,-0.04719,81328.26999999999,36.37994713091348
2026-09-21 02:31:35.228830814,3874.261008430913,-0.04719,81328.26999999999,36.37994713091348
2026-09-21 02:32:02.492138386,3874.261008430913,-0.04719,81257.555,39.71698798091302
2026-09-21 02:33:00.547833204,3883.1989401412548,-0.0473,81252.795,39.941736641254465
2026-09-21 02:33:05.547184944,3883.1989401412548,-0.0473,81200.005,42.438703641254506
2026-09-21 02:33:06.137339592,3883.1989401412548,-0.0473,81178.0,43.4795401412548
2026-09-21 02:33:13.686622620,3950.5843739420147,-0.04813,81186.14,43.09545574201502
2026-09-21 02:33:41.585016727,3950.5843739420147,-0.04813,81199.485,42.453160892014694
2026-09-21 02:35:38.857930660,3950.5843739420147,-0.04813,81180.005,43.390733292014374
2026-09-21 02:44:47.298499107,3950.5843739420147,-0.04813,81257.035,39.68327939201481
2026-09-21 02:45:12.734817266,3950.5843739420147,-0.04813,81257.16500000001,39.6770224920142
2026-09-21 02:48:02.167886734,3974.952716833856,-0.04843,81226.68,41.14460443385633
2026-09-21 02:48:03.894572496,3974.952716833856,-0.04843,81224.995,41.22620898385594
2026-09-21 02:50:21.259434461,3974.952716833856,-0.04843,81231.205,40.925458683855595
2026-09-21 02:50:21.259634256,3974.952716833856,-0.04843,81231.205,40.925458683855595
2026-09-21 02:50:21.259738207,3974.952716833856,-0.04843,81231.205,40.925458683855595
2026-09-21 02:50:21.259829044,1474.6909972367407,-0.017650000000000002,81231.205,40.9602289867405
2026-09-21 02:50:21.259914398,-1698.1557463455629,0.021409999999999995,81231.205,41.00435270443677
2026-09-21 02:50:21.260001183,-1832.1853706904376,0.023059999999999994,81231.205,41.00621660956199
2026-09-21 02:51:39.681534529,-1830.5594299976483,0.023039999999999995,81295.905,42.49822120235126
2026-09-21 02:51:48.391958475,-1830.5594299976483,0.023039999999999995,81287.42499999999,42.3028420023511
2026-09-21 02:51:48.410051584,-1830.5594299976483,0.023039999999999995,81287.42499999999,42.3028420023511
2026-09-21 02:51:48.410255194,-1852.5067297449914,0.023309999999999994,81287.42499999999,42.30314700500776
2026-09-21 02:53:51.771938086,-1852.5067297449914,0.023309999999999994,81286.005,42.27004680500818
2026-09-21 02:54:42.541761637,-1852.5067297449914,0.023309999999999994,81284.0,42.22331025500807
2026-09-21 02:54:42.541967630,-1852.5067297449914,0.023309999999999994,81284.0,42.22331025500807
2026-09-21 02:55:23.348343134,-1852.5067297449914,0.023309999999999994,81350.04999999999,43.7629357550079
2026-09-21 02:55:24.618829727,-1876.9132058531504,0.023609999999999996,81356.05,43.90313464684937
2026-09-21 02:55:54.431543589,-1876.9132058531504,0.023609999999999996,81357.665,43.941264796849055
2026-09-21 02:55:56.404977560,-1876.9132058531504,0.023609999999999996,81357.66500000001,43.94126479684951
2026-09-21 02:55:56.405285120,-1876.9132058531504,0.023609999999999996,81357.66500000001,43.94126479684951
2026-09-21 02:56:28.639837742,-1946.091692909601,0.024459999999999996,81387.58499999999,44.64863619039829
2026-09-21 02:56:57.877465487,-1946.091692909601,0.024459999999999996,81384.235,44.566695190398605
2026-09-21 02:57:08.457144976,-1946.091692909601,0.024459999999999996,81344.01000000001,43.582791690398835
2026-09-21 02:57:09.979191303,-1946.091692909601,0.024459999999999996,81344.01000000001,43.582791690398835
2026-09-21 02:57:11.983851671,-1946.091692909601,0.024459999999999996,81344.01000000001,43.582791690398835
2026-09-21 02:57:14.132512569,-1946.091692909601,0.024459999999999996,81344.01000000001,43.582791690398835
2026-09-21 02:57:37.279149771,-1946.091692909601,0.024459999999999996,81375.905,44.36294339039864
2026-09-21 02:57:37.285196304,-4024.4034556175393,0.05,81375.905,44.39179438246083
2026-09-21 02:57:37.582798481,-4024.4034556175393,0.05,81344.525,42.822794382460415
2026-09-21 02:57:37.655389071,-4024.4034556175393,0.05,81339.89499999999,42.591294382460546
2026-09-21 02:57:37.663400173,-4024.4034556175393,0.05,81339.89499999999,42.591294382460546
2026-09-21 02:57:37.682703733,-4024.4034556175393,0.05,81339.89499999999,42.591294382460546
2026-09-21 02:57:37.695012093,-4024.4034556175393,0.05,81339.89499999999,42.591294382460546
2026-09-21 02:57:37.767996788,-4024.4034556175393,0.05,81339.89499999999,42.591294382460546
2026-09-21 02:57:38.071283817,-3852.054378181863,0.047880000000000006,81295.60500000001,40.37918921813798
2026-09-21 02:57:38.404416323,-3852.054378181863,0.047880000000000006,81295.585,40.37823161813776
2026-09-21 02:57:55.820602894,-3852.054378181863,0.047880000000000006,81295.85500000001,40.391159218138
2026-09-21 02:57:55.820873737,-3852.054378181863,0.047880000000000006,81295.85500000001,40.391159218138
2026-09-21 02:57:55.821098328,-3852.054378181863,0.047880000000000006,81295.85500000001,40.391159218138
2026-09-21 02:57:55.866637707,-3615.4801528810053,0.04497,81295.85500000001,40.394446468995284
2026-09-21 02:58:23.917164803,-3615.4801528810053,0.04497,81313.665,41.19536216899451
2026-09-21 02:58:45.768237591,-3615.4801528810053,0.04497,81314.025,41.211551368994606
2026-09-21 03:00:44.789747477,-3615.4801528810053,0.04497,81372.025,43.81981136899458
2026-09-21 03:02:18.658683538,-3615.4801528810053,0.04497,81343.82,42.55143251899517
2026-09-21 03:02:18.658884048,-3615.4801528810053,0.04497,81343.82,42.55143251899517
2026-09-21 03:02:45.798101902,-3615.4801528810053,0.04497,81383.395,44.331120268995164
2026-09-21 03:03:16.214734793,-3615.4801528810053,0.04497,81399.995,45.07762226899467
2026-09-21 03:04:09.723582745,-3615.4801528810053,0.04497,81434.10500000001,46.61154896899552
2026-09-21 03:05:07.453913450,-3615.4801528810053,0.04497,81446.86499999999,47.18536616899428
2026-09-21 03:05:17.028133154,-3613.850916688216,0.044950000000000004,81460.68,47.806649311783985
2026-09-21 03:05:41.839705706,-3613.850916688216,0.044950000000000004,81458.905,47.72686306178457
2026-09-21 03:05:41.866197824,-3613.850916688216,0.044950000000000004,81458.905,47.72686306178457
2026-09-21 03:06:11.040427685,-3618.736678309848,0.04501,81430.48999999999,46.44967659015174
2026-09-21 03:06:11.040674210,-3681.437285787456,0.04578,81430.48999999999,46.450546412543645
2026-09-21 03:08:10.727845907,-3681.437285787456,0.04578,81368.525,43.61378871254374
2026-09-21 03:08:10.728077173,-3678.996196148272,0.04575,81368.525,43.61382260172786
2026-09-21 03:09:07.167245150,-3678.996196148272,0.04575,81362.535,43.33978010172814
2026-09-21 03:11:21.793593645,-3678.996196148272,0.04575,81302.15,40.57716635172801
2026-09-21 03:12:23.831619024,-3678.996196148272,0.04575,81299.05,40.43534135172831
2026-09-21 03:12:23.831819296,-3678.996196148272,0.04575,81299.05,40.43534135172831
2026-09-21 03:15:06.835283518,-3678.996196148272,0.04575,81328.02,41.76071885172814
2026-09-21 03:15:09.038224459,-3686.3159204807193,0.04584,81331.4,41.915455519280385
2026-09-21 03:15:09.038420200,-3718.034725921326,0.04623,81331.4,41.915896078673995
2026-09-21 03:15:09.267414093,-3718.034725921326,0.04623,81328.015,41.759407528674274
2026-09-21 03:15:55.963358879,-3718.034725921326,0.04623,81356.025,43.05430982867392
2026-09-21 03:17:23.323630333,-3718.034725921326,0.04623,81414.635,45.76385012867377
2026-09-21 03:17:23.323775053,-3507.167895505099,0.04364,81414.635,45.766775894901
2026-09-21 03:19:37.532769680,-3507.167895505099,0.04364,81412.035,45.65331189490098
2026-09-21 03:19:38.846907854,-3507.167895505099,0.04364,81412.29000000001,45.66444009490124
2026-09-21 03:20:02.301429033,-3507.167895505099,0.04364,81414.775,45.77288549490095
2026-09-21 03:22:29.593580008,-3507.167895505099,0.04364,81418.03,45.91493369490081
2026-09-21 03:24:09.282969713,-3507.167895505099,0.04364,81442.03,46.962293694900836
2026-09-21 03:24:59.911043167,-3507.167895505099,0.04364,81439.85,46.867158494901105
2026-09-21 03:24:59.911242723,-3507.167895505099,0.04364,81439.85,46.867158494901105
2026-09-21 03:24:59.911342859,-3507.167895505099,0.04364,81439.85,46.867158494901105
2026-09-21 03:24:59.911435843,-4025.1181569980704,0.05,81439.85,46.8743430019299
2026-09-21 03:25:00.377950668,-4017.7923082305183,0.04991,81397.19,44.74144466948201
2026-09-21 03:25:00.378160477,-3751.6198030094515,0.04664,81397.19,44.74513859054878
2026-09-21 03:25:00.378262520,-3211.134960603371,0.04,81397.19,44.75263939662909
2026-09-21 03:25:00.968651533,-3211.134960603371,0.04,81399.41500000001,44.84163939662949
2026-09-21 03:25:01.963656664,-3218.4629802358186,0.04009,81423.57,45.807941064181705
2026-09-21 03:25:01.963882446,-3311.284562246823,0.04123,81423.57,45.8092288531775
2026-09-21 03:26:05.639073372,-3311.284562246823,0.04123,81472.82500000001,47.840012503177604
2026-09-21 03:26:06.204141617,-3334.0996203477716,0.041510000000000005,81483.48000000001,48.2796344522294
2026-09-21 03:27:15.281429529,-3334.0996203477716,0.041510000000000005,81478.485,48.072292002229005
2026-09-21 03:27:15.281710386,-3334.0996203477716,0.041510000000000005,81478.485,48.072292002229005
2026-09-21 03:27:55.375543594,-3285.2382185640895,0.04091,81434.54000000001,46.24881283591094
2026-09-21 03:29:14.278831244,-3285.2382185640895,0.04091,81392.0,44.5085014359106
2026-09-21 03:29:14.387009382,-3185.938600403936,0.03969,81392.0,44.509879596064366
2026-09-21 03:29:39.457413435,-2918.17494389008,0.0364,81386.0,44.275456109920015
2026-09-21 03:29:39.906888723,-2918.17494389008,0.0364,81387.965,44.346982109919736
2026-09-21 03:29:59.308688402,-2918.17494389008,0.0364,81385.065,44.24142210992022
2026-09-21 03:29:59.391662121,-2918.17494389008,0.0364,81390.76000000001,44.44872010992049
2026-09-21 03:29:59.499323130,-869.5410816646213,0.01123,81390.76000000001,44.4771531353789
2026-09-21 03:30:03.545475245,-869.5410816646213,0.01123,81462.005,45.27723448537881
2026-09-21 03:31:10.470145702,-869.5410816646213,0.01123,81499.51000000001,45.698415635378865
2026-09-21 03:31:10.470363617,-869.5410816646213,0.01123,81499.51000000001,45.698415635378865
2026-09-21 03:31:10.470470667,-869.5410816646213,0.01123,81499.51000000001,45.698415635378865
2026-09-21 03:31:11.112238884,-869.5410816646213,0.01123,81512.475,45.84401258537878
2026-09-21 03:31:12.266613722,-869.5410816646213,0.01123,81514.765,45.86972928537875
2026-09-21 03:31:14.814442635,-869.5410816646213,0.01123,81525.66500000001,45.99213628537882
2026-09-21 03:31:14.814642906,-869.5410816646213,0.01123,81525.66500000001,45.99213628537882
2026-09-21 03:31:14.824949980,-602.9484631935545,0.00796,81525.66500000001,45.99583020644559
2026-09-21 03:31:14.825151443,-335.5405767760931,0.00468,81525.66500000001,45.99953542390699
2026-09-21 03:31:14.825253963,-329.0184332049355,0.0046,81525.66500000001,45.99962579506456
2026-09-21 03:31:15.279657364,-329.0184332049355,0.0046,81533.025,46.03348179506446
2026-09-21 03:31:34.506436110,-329.0184332049355,0.0046,81566.515,46.18753579506449
2026-09-21 03:31:52.102880001,-329.0184332049355,0.0046,81545.485,46.09079779506453
2026-09-21 03:32:12.645278931,-329.0184332049355,0.0046,81559.64,46.15591079506453
2026-09-21 03:32:51.899304390,-329.0184332049355,0.0046,81541.775,46.073731795064475
2026-09-21 03:32:58.908991337,-329.0184332049355,0.0046,81541.57500000001,46.07281179506458
2026-09-21 03:33:00.211191177,-61.60838198747405,0.00132,81526.32500000001,46.00636701252597
2026-09-21 03:33:00.506174802,205.77336282998738,-0.00196,81517.695,45.998680629987376
2026-09-21 03:33:00.572833776,475.5845030366329,-0.00527,81512.81,46.01199433663288
2026-09-21 03:33:00.674058437,745.3882288432785,-0.00858,81510.57,46.0275382432784
2026-09-21 03:33:17.712754726,745.3882288432785,-0.00858,81528.04999999999,45.877559843278505
2026-09-21 03:33:40.934711218,745.3882288432785,-0.00858,81553.495,45.65924174327847
2026-09-21 03:35:41.292252302,745.3882288432785,-0.00858,81526.065,45.894591143278376
2026-09-21 03:39:03.865198135,745.3882288432785,-0.00858,81490.01,46.203943043278514
2026-09-21 03:39:33.505900621,745.3882288432785,-0.00858,81488.775,46.21453934327849
2026-09-21 03:45:00.131113291,745.3882288432785,-0.00858,81452.045,46.5296827432785
2026-09-21 03:46:13.349539280,745.3882288432785,-0.00858,81496.0,46.152548843278396
2026-09-21 03:48:20.098643541,745.3882288432785,-0.00858,81479.61499999999,46.29313214327851
2026-09-21 03:51:02.199745178,844.7472671034318,-0.009800000000000001,81440.705,46.62835810343165
2026-09-21 03:51:02.251956940,862.6641968241152,-0.010020000000000001,81439.45999999999,46.640807624115155
2026-09-21 03:54:59.251289845,862.6641968241152,-0.010020000000000001,81388.965,47.14676752411515
2026-09-21 03:55:01.993091106,862.6641968241152,-0.010020000000000001,81388.0,47.156436824115076
2026-09-21 03:55:01.993304729,862.6641968241152,-0.010020000000000001,81388.0,47.156436824115076
2026-09-21 03:55:05.487509727,862.6641968241152,-0.010020000000000001,81370.345,47.33333992411508
2026-09-21 03:55:05.487891674,862.6641968241152,-0.010020000000000001,81370.345,47.33333992411508
2026-09-21 03:58:25.151448250,862.6641968241152,-0.010020000000000001,81429.595,46.73965492411503
2026-09-21 03:59:06.874093056,862.6641968241152,-0.010020000000000001,81425.695,46.778732924114934
2026-09-21 04:00:19.464350939,862.6641968241152,-0.010020000000000001,81422.455,46.811197724115004
2026-09-21 04:00:20.135457754,862.6641968241152,-0.010020000000000001,81422.455,46.811197724115004
2026-09-21 04:00:20.136506319,862.6641968241152,-0.010020000000000001,81422.455,46.811197724115004
2026-09-21 04:00:21.137376308,862.6641968241152,-0.010020000000000001,81422.455,46.811197724115004
2026-09-21 04:00:22.136909246,862.6641968241152,-0.010020000000000001,81422.455,46.811197724115004
2026-09-21 04:00:22.137209415,862.6641968241152,-0.010020000000000001,81422.455,46.811197724115004
2026-09-21 04:00:43.948080063,866.7353090560887,-0.01007,81421.11499999999,46.82468100608867
2026-09-21 04:02:16.807318687,866.7353090560887,-0.01007,81462.67,46.40622215608869
2026-09-21 04:04:07.796780348,866.7353090560887,-0.01007,81409.465,46.941996506088685
2026-09-21 04:04:07.797144651,-1013.7972377721553,0.013029999999999998,81409.465,46.9680911778446
2026-09-21 04:04:08.317474365,-1013.7972377721553,0.013029999999999998,81404.125,46.89851097784458
2026-09-21 04:05:51.600292683,-1013.7972377721553,0.013029999999999998,81332.505,45.96530237784464
2026-09-21 04:05:58.685602665,-1013.7972377721553,0.013029999999999998,81332.245,45.96191457784448
